"Ngày","Lần cuối","Mở","Cao","Thấp","KL","% Thay đổi"
"06/05/2025","34,750.00","34,750.00","35,150.00","34,500.00","4.47M","-0.57%"
"05/05/2025","34,950.00","34,200.00","35,000.00","34,100.00","2.58M","2.04%"
"29/04/2025","34,250.00","34,000.00","34,300.00","33,650.00","2.86M","0.29%"
"28/04/2025","34,150.00","34,600.00","34,600.00","33,850.00","3.43M","-1.87%"
"25/04/2025","34,800.00","35,200.00","35,200.00","34,350.00","3.09M","-0.85%"
"24/04/2025","35,100.00","35,050.00","35,400.00","34,500.00","3.35M","0.43%"
"23/04/2025","34,950.00","32,800.00","34,950.00","32,800.00","8.75M","6.88%"
"22/04/2025","32,700.00","32,950.00","32,950.00","31,250.00","5.49M","-0.15%"
"21/04/2025","32,750.00","32,450.00","33,000.00","32,450.00","2.33M","0.31%"
"18/04/2025","32,650.00","31,750.00","32,750.00","31,750.00","4.50M","2.19%"
"17/04/2025","31,950.00","31,650.00","31,950.00","31,000.00","3.41M","1.43%"
"16/04/2025","31,500.00","31,250.00","32,000.00","31,200.00","2.33M","0.00%"
"15/04/2025","31,500.00","31,500.00","32,050.00","30,950.00","5.09M","-0.79%"
"14/04/2025","31,750.00","30,900.00","31,750.00","30,650.00","3.66M","1.44%"
"11/04/2025","31,300.00","31,300.00","31,300.00","29,900.00","6.15M","3.99%"
"10/04/2025","30,100.00","30,100.00","30,100.00","30,100.00","743.00K","6.93%"
"09/04/2025","28,150.00","26,000.00","28,800.00","26,000.00","5.41M","0.72%"
"08/04/2025","27,950.00","29,450.00","29,450.00","27,950.00","5.38M","-6.99%"
"04/04/2025","30,050.00","27,750.00","30,050.00","27,750.00","9.04M","0.84%"
"03/04/2025","29,800.00","31,100.00","31,200.00","29,800.00","3.61M","-6.88%"
"02/04/2025","32,000.00","31,500.00","32,050.00","31,500.00","4.83M","0.31%"
"01/04/2025","31,900.00","31,400.00","31,900.00","31,250.00","3.89M","0.31%"
"31/03/2025","31,800.00","32,650.00","32,800.00","31,300.00","5.83M","-3.05%"
"28/03/2025","32,800.00","33,200.00","33,200.00","32,600.00","2.30M","-0.91%"
"27/03/2025","33,100.00","33,000.00","33,400.00","32,800.00","3.23M","-0.15%"
"26/03/2025","33,150.00","33,250.00","33,400.00","32,850.00","2.77M","-0.60%"
"25/03/2025","33,350.00","33,000.00","33,450.00","32,950.00","4.06M","1.06%"
"24/03/2025","33,000.00","32,950.00","33,000.00","32,550.00","3.33M","0.46%"
"21/03/2025","32,850.00","32,800.00","33,150.00","32,550.00","3.06M","-0.45%"
"20/03/2025","33,000.00","33,000.00","33,200.00","32,400.00","5.09M","-0.15%"
"19/03/2025","33,050.00","33,450.00","33,450.00","32,800.00","2.32M","-0.90%"
"18/03/2025","33,350.00","33,000.00","33,800.00","32,950.00","3.33M","0.76%"
"17/03/2025","33,100.00","33,250.00","33,300.00","32,750.00","1.54M","-0.30%"
"14/03/2025","33,200.00","32,650.00","33,250.00","32,400.00","5.03M","0.61%"
"13/03/2025","33,000.00","34,000.00","34,200.00","32,850.00","4.95M","-2.80%"
"12/03/2025","33,950.00","34,000.00","34,200.00","33,650.00","3.65M","-0.15%"
"11/03/2025","34,000.00","33,600.00","34,100.00","33,200.00","3.31M","0.15%"
"10/03/2025","33,950.00","34,700.00","34,750.00","33,900.00","3.16M","-2.02%"
"07/03/2025","34,650.00","34,250.00","34,650.00","33,850.00","3.30M","1.17%"
"06/03/2025","34,250.00","33,650.00","34,250.00","33,650.00","3.29M","1.18%"
"05/03/2025","33,850.00","34,300.00","34,350.00","33,800.00","2.52M","-1.02%"
"04/03/2025","34,200.00","33,100.00","34,200.00","32,600.00","4.34M","3.32%"
"03/03/2025","33,100.00","33,150.00","33,600.00","32,600.00","2.94M","0.00%"
"28/02/2025","33,100.00","33,400.00","33,500.00","32,850.00","2.06M","-0.60%"
"27/02/2025","33,300.00","31,750.00","33,300.00","31,400.00","5.50M","5.38%"
"26/02/2025","31,600.00","32,100.00","32,100.00","31,600.00","4.79M","-1.10%"
"25/02/2025","31,950.00","32,400.00","32,500.00","31,700.00","3.16M","-0.47%"
"24/02/2025","32,100.00","31,300.00","32,100.00","31,250.00","3.37M","2.39%"
"21/02/2025","31,350.00","30,700.00","31,450.00","30,500.00","3.92M","1.95%"
"20/02/2025","30,750.00","30,750.00","30,800.00","30,050.00","3.50M","0.82%"
"19/02/2025","30,500.00","29,800.00","30,500.00","29,650.00","4.07M","2.18%"
"18/02/2025","29,850.00","29,900.00","30,100.00","29,650.00","2.10M","-0.17%"
"17/02/2025","29,900.00","29,250.00","30,450.00","29,250.00","6.88M","2.40%"
"14/02/2025","29,200.00","28,900.00","29,450.00","28,700.00","4.18M","1.04%"
"13/02/2025","28,900.00","28,900.00","29,100.00","28,700.00","2.85M","-0.34%"
"12/02/2025","29,000.00","29,250.00","29,250.00","28,850.00","2.88M","-0.68%"
"11/02/2025","29,200.00","27,900.00","29,350.00","27,900.00","6.72M","4.85%"
"10/02/2025","27,850.00","27,750.00","27,950.00","27,250.00","2.57M","-0.18%"
"07/02/2025","27,900.00","27,900.00","28,050.00","27,750.00","1.37M","-0.18%"
"06/02/2025","27,950.00","28,100.00","28,100.00","27,700.00","2.00M","-0.36%"
"05/02/2025","28,050.00","28,250.00","28,300.00","27,800.00","2.24M","-0.36%"
"04/02/2025","28,150.00","28,050.00","28,550.00","27,800.00","4.60M","0.18%"
"03/02/2025","28,100.00","27,500.00","28,200.00","27,350.00","3.83M","1.63%"
"24/01/2025","27,650.00","27,350.00","27,700.00","27,200.00","3.19M","0.91%"
"23/01/2025","27,400.00","26,900.00","27,500.00","26,800.00","3.47M","1.48%"
"22/01/2025","27,000.00","26,800.00","27,050.00","26,750.00","2.09M","0.19%"
"21/01/2025","26,950.00","26,900.00","27,150.00","26,700.00","2.32M","-0.37%"
"20/01/2025","27,050.00","27,150.00","27,350.00","26,800.00","1.64M","-0.73%"
"17/01/2025","27,250.00","27,250.00","27,250.00","26,950.00","2.09M","0.00%"
"16/01/2025","27,250.00","26,550.00","27,500.00","26,400.00","4.97M","2.64%"
"15/01/2025","26,550.00","26,650.00","26,650.00","26,250.00","1.00M","0.19%"
"14/01/2025","26,500.00","26,500.00","26,500.00","26,200.00","1.00M","0.00%"
"13/01/2025","26,500.00","26,500.00","26,650.00","26,100.00","1.83M","-0.93%"
"10/01/2025","26,750.00","26,750.00","26,850.00","26,400.00","3.22M","-0.19%"
"09/01/2025","26,800.00","27,050.00","27,100.00","26,700.00","2.07M","-0.56%"
"08/01/2025","26,950.00","26,850.00","27,000.00","26,650.00","1.96M","-0.19%"
"07/01/2025","27,000.00","27,000.00","27,400.00","26,800.00","3.36M","-0.18%"
"06/01/2025","27,050.00","26,900.00","27,150.00","26,400.00","4.04M","0.19%"
"03/01/2025","27,000.00","27,800.00","27,850.00","26,750.00","6.21M","-3.23%"
"02/01/2025","27,900.00","28,100.00","28,200.00","27,750.00","2.51M","-0.71%"
"31/12/2024","28,100.00","28,050.00","28,400.00","27,600.00","6.09M","-0.53%"
"30/12/2024","28,250.00","28,500.00","28,500.00","28,000.00","4.59M","-0.70%"
"27/12/2024","28,450.00","26,700.00","28,550.00","26,700.00","8.43M","6.16%"
"26/12/2024","26,800.00","26,400.00","26,800.00","26,100.00","4.27M","0.75%"
"25/12/2024","26,600.00","26,800.00","26,950.00","26,450.00","4.13M","-0.37%"
"24/12/2024","26,700.00","27,000.00","27,100.00","26,550.00","1.90M","-0.37%"
"23/12/2024","26,800.00","26,200.00","27,000.00","26,200.00","3.72M","1.90%"
"20/12/2024","26,300.00","26,550.00","26,600.00","26,000.00","2.44M","-0.38%"
"19/12/2024","26,400.00","26,700.00","26,700.00","26,200.00","2.71M","-1.31%"
"18/12/2024","26,750.00","25,400.00","26,800.00","25,250.00","6.32M","5.11%"
"17/12/2024","25,450.00","25,050.00","25,500.00","24,900.00","3.04M","1.39%"
"16/12/2024","25,100.00","25,100.00","25,250.00","25,000.00","1.51M","-0.40%"
"13/12/2024","25,200.00","25,200.00","25,400.00","25,000.00","1.77M","0.00%"
"12/12/2024","25,200.00","25,350.00","25,400.00","25,150.00","1.65M","-0.20%"
"11/12/2024","25,250.00","25,000.00","25,400.00","25,000.00","2.99M","0.60%"
"10/12/2024","25,100.00","25,300.00","25,300.00","24,850.00","2.76M","0.00%"
"09/12/2024","25,100.00","25,400.00","25,400.00","24,950.00","2.14M","-0.79%"
"06/12/2024","25,300.00","25,550.00","25,650.00","25,150.00","2.82M","-0.39%"
"05/12/2024","25,400.00","24,700.00","25,400.00","24,700.00","5.43M","2.42%"
"04/12/2024","24,800.00","24,850.00","25,000.00","24,700.00","2.47M","0.20%"
"03/12/2024","24,750.00","25,000.00","25,000.00","24,600.00","3.03M","-0.40%"
"02/12/2024","24,850.00","24,850.00","25,000.00","24,700.00","1.59M","0.00%"
"29/11/2024","24,850.00","24,900.00","25,150.00","24,650.00","3.23M","-0.60%"
"28/11/2024","25,000.00","24,350.00","25,000.00","24,150.00","3.70M","2.04%"
"27/11/2024","24,500.00","24,500.00","25,000.00","24,350.00","3.79M","0.00%"
"26/11/2024","24,500.00","24,350.00","24,500.00","24,200.00","4.29M","0.41%"
"25/11/2024","24,400.00","24,450.00","24,500.00","24,050.00","3.79M","0.00%"
"22/11/2024","24,400.00","24,200.00","24,550.00","24,200.00","3.25M","-0.20%"
"21/11/2024","24,450.00","24,600.00","24,600.00","24,000.00","3.47M","-0.20%"
"20/11/2024","24,500.00","23,500.00","24,600.00","23,300.00","6.38M","4.26%"
"19/11/2024","23,500.00","23,100.00","23,500.00","23,000.00","3.27M","0.86%"
"18/11/2024","23,300.00","23,350.00","23,500.00","22,950.00","2.87M","0.00%"
"15/11/2024","23,300.00","22,500.00","23,500.00","22,350.00","5.43M","3.10%"
"14/11/2024","22,600.00","23,000.00","23,000.00","22,500.00","2.16M","-1.31%"
"13/11/2024","22,900.00","22,900.00","23,000.00","22,650.00","3.67M","0.00%"
"12/11/2024","22,900.00","22,350.00","22,900.00","22,300.00","5.00M","2.00%"
"11/11/2024","22,450.00","22,450.00","22,500.00","21,850.00","3.30M","-0.44%"
"08/11/2024","22,550.00","22,800.00","22,850.00","22,400.00","1.75M","-1.10%"
"07/11/2024","22,800.00","23,000.00","23,000.00","22,650.00","1.56M","0.00%"
"06/11/2024","22,800.00","22,800.00","22,850.00","22,500.00","2.44M","0.44%"
"05/11/2024","22,700.00","22,450.00","22,700.00","22,350.00","2.39M","0.22%"
"04/11/2024","22,650.00","22,750.00","22,800.00","22,200.00","3.20M","-0.88%"
"01/11/2024","22,850.00","23,000.00","23,050.00","22,650.00","1.46M","-0.44%"
"31/10/2024","22,950.00","22,800.00","23,000.00","22,600.00","4.25M","0.66%"
"30/10/2024","22,800.00","22,600.00","22,850.00","22,450.00","3.20M","0.66%"
"29/10/2024","22,650.00","22,350.00","22,700.00","22,350.00","2.67M","0.67%"
"28/10/2024","22,500.00","22,500.00","22,700.00","22,300.00","2.93M","-0.66%"
"25/10/2024","22,650.00","22,650.00","22,700.00","22,350.00","2.65M","0.22%"
"24/10/2024","22,600.00","22,700.00","22,800.00","22,500.00","3.00M","-0.44%"
"23/10/2024","22,700.00","22,300.00","22,700.00","22,000.00","4.65M","0.89%"
"22/10/2024","22,500.00","22,700.00","22,750.00","22,250.00","2.76M","-0.66%"
"21/10/2024","22,650.00","22,500.00","22,700.00","22,250.00","3.01M","0.44%"
"18/10/2024","22,550.00","23,000.00","23,000.00","22,450.00","2.13M","-0.66%"
"17/10/2024","22,700.00","22,450.00","22,700.00","22,400.00","3.07M","0.44%"
"16/10/2024","22,600.00","22,600.00","23,050.00","22,450.00","2.67M","-0.44%"
"15/10/2024","22,700.00","22,850.00","23,100.00","22,650.00","3.07M","0.44%"
"14/10/2024","22,600.00","22,650.00","22,750.00","22,550.00","1.91M","0.22%"
"11/10/2024","22,550.00","22,550.00","22,750.00","22,500.00","1.96M","0.22%"
"10/10/2024","22,500.00","22,700.00","22,750.00","22,250.00","2.97M","-0.22%"
"09/10/2024","22,550.00","22,250.00","22,600.00","22,000.00","4.88M","1.58%"
"08/10/2024","22,200.00","21,850.00","22,700.00","21,800.00","4.72M","1.60%"
"07/10/2024","21,850.00","21,650.00","21,900.00","21,650.00","1.48M","1.39%"
"04/10/2024","21,550.00","21,600.00","21,950.00","21,500.00","2.31M","0.00%"
"03/10/2024","21,550.00","21,800.00","21,850.00","21,500.00","3.05M","-0.92%"
"02/10/2024","21,750.00","21,750.00","22,000.00","21,650.00","2.63M","0.23%"
"01/10/2024","21,700.00","21,600.00","21,850.00","21,350.00","3.69M","1.17%"
"30/09/2024","21,450.00","21,000.00","21,600.00","20,750.00","4.50M","2.63%"
"27/09/2024","20,900.00","20,700.00","21,150.00","20,400.00","3.13M","0.72%"
"26/09/2024","20,750.00","21,050.00","21,150.00","20,700.00","4.07M","-0.24%"
"25/09/2024","20,800.00","20,800.00","21,450.00","20,700.00","4.26M","0.48%"
"24/09/2024","20,700.00","20,900.00","20,900.00","20,600.00","2.36M","-0.24%"
"23/09/2024","20,750.00","20,800.00","21,000.00","20,650.00","2.64M","-0.24%"
"20/09/2024","20,800.00","20,900.00","21,100.00","20,600.00","5.78M","0.73%"
"19/09/2024","20,650.00","19,900.00","20,850.00","19,900.00","6.40M","3.25%"
"18/09/2024","20,000.00","19,900.00","20,150.00","19,700.00","4.37M","0.76%"
"17/09/2024","19,850.00","19,650.00","20,100.00","19,600.00","3.83M","1.28%"
"16/09/2024","19,600.00","20,300.00","20,450.00","19,600.00","5.86M","-2.00%"
"13/09/2024","20,000.00","19,450.00","20,150.00","19,200.00","5.66M","3.90%"
"12/09/2024","19,250.00","19,200.00","19,700.00","19,000.00","4.17M","1.05%"
"11/09/2024","19,050.00","19,100.00","19,350.00","18,850.00","3.17M","0.00%"
"10/09/2024","19,050.00","18,600.00","19,450.00","18,500.00","10.90M","4.67%"
"09/09/2024","18,200.00","17,800.00","18,450.00","17,700.00","4.23M","2.54%"
"06/09/2024","17,750.00","17,700.00","18,550.00","17,600.00","6.99M","-0.56%"
"05/09/2024","17,850.00","18,100.00","18,250.00","17,850.00","1.62M","-1.38%"
"04/09/2024","18,100.00","18,050.00","18,250.00","18,050.00","1.17M","-0.55%"
"30/08/2024","18,200.00","18,350.00","18,350.00","18,200.00","1.25M","-0.27%"
"29/08/2024","18,250.00","18,250.00","18,500.00","18,150.00","1.16M","0.00%"
"28/08/2024","18,250.00","18,100.00","18,400.00","18,100.00","1.51M","0.00%"
"27/08/2024","18,250.00","18,250.00","18,300.00","18,100.00","1.25M","0.55%"
"26/08/2024","18,150.00","18,250.00","18,300.00","18,150.00","825.30K","0.00%"
"23/08/2024","18,150.00","18,450.00","18,450.00","18,150.00","1.96M","-1.09%"
"22/08/2024","18,350.00","18,500.00","18,600.00","18,350.00","1.24M","-0.27%"
"21/08/2024","18,400.00","18,600.00","18,700.00","18,400.00","1.98M","-1.08%"
"20/08/2024","18,600.00","18,650.00","18,950.00","18,500.00","2.63M","0.54%"
"19/08/2024","18,500.00","18,500.00","18,900.00","18,400.00","1.29M","0.54%"
"16/08/2024","18,400.00","18,200.00","18,850.00","18,150.00","2.09M","1.38%"
"15/08/2024","18,150.00","18,200.00","18,250.00","18,100.00","1.57M","0.00%"
"14/08/2024","18,150.00","18,200.00","18,250.00","18,050.00","1.73M","0.00%"
"13/08/2024","18,150.00","18,250.00","18,400.00","18,000.00","1.98M","0.83%"
"12/08/2024","18,000.00","18,050.00","18,150.00","17,850.00","2.24M","-0.28%"
"09/08/2024","18,050.00","18,050.00","18,300.00","18,000.00","1.39M","0.00%"
"08/08/2024","18,050.00","18,000.00","18,200.00","17,800.00","1.65M","0.28%"
"07/08/2024","18,000.00","18,300.00","18,400.00","17,650.00","2.12M","-1.10%"
"06/08/2024","18,200.00","17,500.00","18,250.00","17,500.00","3.01M","4.00%"
"05/08/2024","17,500.00","17,600.00","17,900.00","17,200.00","3.94M","-2.23%"
"02/08/2024","17,900.00","17,050.00","18,000.00","17,050.00","2.56M","3.47%"
"01/08/2024","17,300.00","18,300.00","18,350.00","17,150.00","5.22M","-5.21%"
"31/07/2024","18,250.00","18,200.00","18,350.00","18,100.00","2.76M","-2.41%"
"30/07/2024","18,700.00","18,900.00","18,900.00","18,250.00","1.74M","-0.53%"
"29/07/2024","18,800.00","18,900.00","18,900.00","18,500.00","1.12M","0.00%"
"26/07/2024","18,800.00","18,550.00","18,800.00","18,300.00","1.32M","1.35%"
"25/07/2024","18,550.00","18,400.00","18,550.00","17,950.00","1.27M","0.54%"
"24/07/2024","18,450.00","17,850.00","18,750.00","17,600.00","2.10M","2.50%"
"23/07/2024","18,000.00","18,650.00","18,750.00","18,000.00","2.06M","-3.74%"
"22/07/2024","18,700.00","18,900.00","19,100.00","18,500.00","1.56M","-1.58%"
"19/07/2024","19,000.00","19,050.00","19,200.00","18,700.00","1.62M","-0.52%"
"18/07/2024","19,100.00","19,100.00","19,100.00","18,550.00","2.45M","1.06%"
"17/07/2024","18,900.00","20,100.00","20,100.00","18,850.00","4.20M","-5.97%"
"16/07/2024","20,100.00","20,100.00","20,350.00","20,050.00","1.61M","-0.50%"
"15/07/2024","20,200.00","20,350.00","20,550.00","20,050.00","1.99M","-0.25%"
"12/07/2024","20,250.00","20,200.00","20,550.00","19,950.00","2.63M","0.25%"
"11/07/2024","20,200.00","20,850.00","20,950.00","20,100.00","2.63M","-1.70%"
"10/07/2024","20,550.00","20,700.00","21,000.00","20,550.00","3.06M","-0.48%"
"09/07/2024","20,650.00","20,100.00","20,650.00","20,100.00","3.46M","3.25%"
"08/07/2024","20,000.00","19,650.00","20,000.00","19,650.00","1.94M","2.04%"
"05/07/2024","19,600.00","19,800.00","19,900.00","19,450.00","2.29M","-0.76%"
"04/07/2024","19,750.00","20,000.00","20,050.00","19,700.00","1.64M","-1.00%"
"03/07/2024","19,950.00","19,800.00","20,300.00","19,700.00","2.30M","0.76%"
"02/07/2024","19,800.00","19,650.00","19,800.00","19,600.00","1.20M","0.51%"
"01/07/2024","19,700.00","19,550.00","19,750.00","19,300.00","2.00M","0.77%"
"28/06/2024","19,550.00","20,250.00","20,400.00","19,300.00","3.52M","-3.69%"
"27/06/2024","20,300.00","20,300.00","20,350.00","20,100.00","1.49M","-0.73%"
"26/06/2024","20,450.00","20,300.00","20,450.00","19,850.00","3.18M","0.00%"
"25/06/2024","20,450.00","19,750.00","20,600.00","19,550.00","3.44M","2.51%"
"24/06/2024","19,950.00","21,000.00","21,100.00","19,900.00","5.91M","-5.00%"
"21/06/2024","21,000.00","20,950.00","21,700.00","20,750.00","5.38M","0.24%"
"20/06/2024","20,950.00","21,350.00","21,450.00","20,850.00","2.93M","-1.64%"
"19/06/2024","21,300.00","21,550.00","21,750.00","21,300.00","2.27M","-0.93%"
"18/06/2024","21,500.00","21,100.00","21,900.00","21,000.00","2.75M","1.65%"
"17/06/2024","21,150.00","21,600.00","21,600.00","21,100.00","2.95M","-2.31%"
"14/06/2024","21,650.00","22,350.00","22,550.00","21,650.00","3.43M","-3.13%"
"13/06/2024","22,350.00","22,500.00","22,650.00","22,250.00","2.12M","0.22%"
"12/06/2024","22,300.00","22,400.00","22,450.00","22,000.00","1.88M","0.00%"
"11/06/2024","22,300.00","22,450.00","22,500.00","22,150.00","3.74M","-0.89%"
"10/06/2024","22,500.00","22,200.00","22,750.00","22,200.00","5.13M","1.35%"
"07/06/2024","22,200.00","22,150.00","22,450.00","22,000.00","3.27M","0.91%"
"06/06/2024","22,000.00","22,350.00","22,500.00","22,000.00","3.76M","-2.00%"
"05/06/2024","22,450.00","22,600.00","22,850.00","22,450.00","2.87M","-1.32%"
"04/06/2024","22,750.00","22,750.00","23,050.00","22,650.00","4.39M","-0.44%"
"03/06/2024","22,850.00","22,900.00","23,000.00","22,700.00","3.31M","0.00%"
"31/05/2024","22,850.00","23,300.00","23,350.00","22,650.00","5.50M","-1.72%"
"30/05/2024","23,250.00","22,700.00","23,250.00","22,250.00","7.94M","1.31%"
"29/05/2024","22,950.00","22,750.00","23,450.00","22,450.00","9.46M","1.10%"
"28/05/2024","22,700.00","22,350.00","22,900.00","22,300.00","5.41M","2.02%"
"27/05/2024","22,250.00","22,250.00","22,400.00","22,050.00","2.27M","0.00%"
"24/05/2024","22,250.00","22,450.00","22,800.00","22,000.00","4.46M","-1.77%"
"23/05/2024","22,650.00","22,100.00","22,850.00","21,950.00","5.80M","1.80%"
"22/05/2024","22,250.00","22,300.00","22,400.00","21,850.00","4.82M","-0.89%"
"21/05/2024","22,450.00","22,350.00","22,600.00","21,950.00","7.83M","-0.22%"
"20/05/2024","22,500.00","22,750.00","22,850.00","22,050.00","6.68M","1.81%"
"17/05/2024","22,100.00","22,000.00","22,100.00","21,800.00","4.01M","6.67%"
"16/05/2024","20,718.00","20,930.00","20,965.00","20,153.00","15.93M","-0.34%"
"15/05/2024","20,789.00","20,541.00","21,565.00","20,436.00","15.34M","0.00%"
"14/05/2024","20,789.00","21,142.00","21,142.00","20,577.00","6.25M","-1.34%"
"13/05/2024","21,071.00","19,589.00","21,071.00","19,553.00","19.48M","6.99%"
"10/05/2024","19,694.00","19,730.00","19,765.00","19,377.00","5.30M","-0.18%"
"09/05/2024","19,730.00","20,047.00","20,083.00","19,589.00","6.77M","-1.58%"
"08/05/2024","20,047.00","20,047.00","20,224.00","19,730.00","6.00M","-0.18%"
"07/05/2024","20,083.00","19,871.00","20,118.00","19,624.00","7.62M","0.89%"
"06/05/2024","19,906.00","19,412.00","20,047.00","19,412.00","6.99M","2.36%"
"03/05/2024","19,447.00","19,906.00","20,083.00","19,377.00","5.30M","-2.65%"
"02/05/2024","19,977.00","19,977.00","20,118.00","19,730.00","4.22M","0.00%"
"26/04/2024","19,977.00","19,306.00","20,118.00","19,306.00","7.17M","3.10%"
"25/04/2024","19,377.00","19,518.00","19,553.00","19,200.00","3.85M","0.00%"
"24/04/2024","19,377.00","18,953.00","19,377.00","18,953.00","6.39M","2.24%"
"23/04/2024","18,953.00","19,024.00","19,094.00","18,671.00","3.67M","-0.37%"
"22/04/2024","19,024.00","18,353.00","19,059.00","18,283.00","7.44M","3.66%"
"19/04/2024","18,353.00","18,318.00","18,565.00","17,859.00","5.45M","-0.76%"
"17/04/2024","18,494.00","18,247.00","18,565.00","18,141.00","4.69M","0.77%"
"16/04/2024","18,353.00","17,789.00","18,353.00","17,647.00","6.43M","2.16%"
"15/04/2024","17,965.00","19,024.00","19,059.00","17,965.00","6.62M","-5.74%"
"12/04/2024","19,059.00","19,271.00","19,553.00","18,953.00","5.97M","-1.10%"
"11/04/2024","19,271.00","19,483.00","19,483.00","19,059.00","3.69M","-1.09%"
"10/04/2024","19,483.00","18,671.00","19,483.00","18,530.00","8.27M","2.80%"
"09/04/2024","18,953.00","19,094.00","19,236.00","18,671.00","5.20M","-1.29%"
"08/04/2024","19,200.00","19,483.00","19,624.00","19,200.00","4.72M","-0.73%"
"05/04/2024","19,341.00","19,059.00","19,447.00","18,953.00","6.20M","1.67%"
"04/04/2024","19,024.00","18,847.00","19,447.00","18,847.00","5.45M","0.18%"
"03/04/2024","18,989.00","19,483.00","19,730.00","18,989.00","4.48M","-2.88%"
"02/04/2024","19,553.00","19,412.00","19,589.00","18,989.00","4.69M","0.00%"
"01/04/2024","19,553.00","19,977.00","20,012.00","19,412.00","4.81M","-2.46%"
"29/03/2024","20,047.00","20,365.00","20,541.00","19,765.00","6.31M","-1.56%"
"28/03/2024","20,365.00","20,365.00","20,612.00","20,083.00","5.57M","0.17%"
"27/03/2024","20,330.00","20,153.00","20,365.00","20,083.00","7.09M","1.23%"
"26/03/2024","20,083.00","19,836.00","20,083.00","19,765.00","5.70M","0.18%"
"25/03/2024","20,047.00","20,047.00","20,224.00","19,659.00","6.16M","0.17%"
"22/03/2024","20,012.00","19,871.00","20,365.00","19,800.00","8.44M","0.71%"
"21/03/2024","19,871.00","19,871.00","19,941.00","19,730.00","4.52M","0.00%"
"20/03/2024","19,871.00","19,800.00","19,941.00","19,447.00","5.20M","0.18%"
"19/03/2024","19,836.00","20,083.00","20,118.00","19,730.00","4.87M","-1.05%"
"18/03/2024","20,047.00","19,836.00","20,294.00","18,883.00","11.45M","0.53%"
"15/03/2024","19,941.00","19,800.00","19,977.00","19,659.00","5.90M","0.18%"
"14/03/2024","19,906.00","19,589.00","19,941.00","19,271.00","8.34M","2.17%"
"13/03/2024","19,483.00","19,483.00","19,765.00","19,377.00","5.53M","0.00%"
"12/03/2024","19,483.00","19,694.00","19,694.00","19,306.00","6.14M","-0.18%"
"11/03/2024","19,518.00","18,953.00","19,694.00","18,847.00","9.29M","2.60%"
"08/03/2024","19,024.00","19,059.00","19,130.00","18,883.00","5.85M","-0.55%"
"07/03/2024","19,130.00","18,847.00","19,165.00","18,777.00","5.62M","1.31%"
"06/03/2024","18,883.00","19,024.00","19,024.00","18,777.00","3.81M","-0.74%"
"05/03/2024","19,024.00","18,706.00","19,130.00","18,636.00","6.88M","0.94%"
"04/03/2024","18,847.00","19,165.00","19,165.00","18,812.00","4.58M","-1.11%"
"01/03/2024","19,059.00","19,059.00","19,200.00","18,671.00","7.80M","0.56%"
"29/02/2024","18,953.00","18,883.00","19,024.00","18,777.00","4.79M","0.19%"
"28/02/2024","18,918.00","17,930.00","18,953.00","17,753.00","10.55M","6.35%"
"27/02/2024","17,789.00","17,506.00","17,789.00","17,436.00","3.76M","1.62%"
"26/02/2024","17,506.00","17,506.00","17,541.00","17,330.00","1.89M","0.20%"
"23/02/2024","17,471.00","17,718.00","17,753.00","17,436.00","3.53M","-1.00%"
"22/02/2024","17,647.00","17,894.00","17,894.00","17,647.00","2.18M","-0.99%"
"21/02/2024","17,824.00","17,789.00","17,824.00","17,471.00","4.01M","0.60%"
"20/02/2024","17,718.00","17,647.00","17,753.00","17,541.00","2.28M","0.00%"
"19/02/2024","17,718.00","18,000.00","18,036.00","17,612.00","2.78M","-1.76%"
"16/02/2024","18,036.00","18,212.00","18,212.00","18,000.00","2.39M","-0.39%"
"15/02/2024","18,106.00","18,106.00","18,212.00","18,036.00","2.71M","-0.19%"
"07/02/2024","18,141.00","17,718.00","18,141.00","17,718.00","6.59M","2.19%"
"06/02/2024","17,753.00","17,753.00","17,859.00","17,647.00","3.45M","0.00%"
"05/02/2024","17,753.00","17,894.00","18,000.00","17,612.00","4.23M","0.20%"
"02/02/2024","17,718.00","17,118.00","17,824.00","17,012.00","6.44M","1.62%"
"01/02/2024","17,436.00","17,683.00","17,753.00","17,365.00","2.54M","-0.80%"
"31/01/2024","17,577.00","17,577.00","17,577.00","17,259.00","4.02M","0.00%"
"30/01/2024","17,577.00","17,506.00","17,577.00","17,294.00","2.22M","0.81%"
"29/01/2024","17,436.00","17,294.00","17,436.00","16,941.00","5.84M","-1.20%"
"26/01/2024","17,647.00","17,718.00","17,753.00","17,577.00","2.56M","-0.60%"
"25/01/2024","17,753.00","17,753.00","17,789.00","17,647.00","2.22M","0.00%"
"24/01/2024","17,753.00","17,859.00","17,930.00","17,647.00","3.35M","-1.37%"
"23/01/2024","18,000.00","18,212.00","18,389.00","18,000.00","3.92M","-1.92%"
"22/01/2024","18,353.00","18,353.00","18,424.00","18,247.00","2.94M","0.00%"
"19/01/2024","18,353.00","18,459.00","18,530.00","18,247.00","2.96M","-0.57%"
"18/01/2024","18,459.00","18,494.00","18,565.00","18,389.00","2.46M","-0.38%"
"17/01/2024","18,530.00","18,424.00","18,636.00","18,353.00","3.90M","0.19%"
"16/01/2024","18,494.00","18,036.00","18,494.00","18,000.00","4.93M","2.34%"
"15/01/2024","18,071.00","18,106.00","18,106.00","17,965.00","3.00M","0.00%"
"12/01/2024","18,071.00","18,036.00","18,071.00","17,930.00","2.70M","0.00%"
"11/01/2024","18,071.00","18,071.00","18,141.00","17,965.00","3.73M","0.19%"
"10/01/2024","18,036.00","18,036.00","18,141.00","17,683.00","2.70M","-0.39%"
"09/01/2024","18,106.00","18,212.00","18,247.00","17,965.00","3.21M","-0.19%"
"08/01/2024","18,141.00","18,212.00","18,212.00","18,000.00","2.79M","-0.39%"
"05/01/2024","18,212.00","18,494.00","18,494.00","18,036.00","3.50M","-1.72%"
"04/01/2024","18,530.00","18,600.00","18,671.00","18,424.00","4.51M","-0.38%"
"03/01/2024","18,600.00","18,247.00","18,777.00","18,177.00","6.04M","1.93%"
"02/01/2024","18,247.00","18,212.00","18,353.00","18,106.00","3.60M","0.00%"
"29/12/2023","18,247.00","18,247.00","18,283.00","18,071.00","2.64M","0.19%"
"28/12/2023","18,212.00","18,318.00","18,353.00","18,106.00","2.52M","-0.19%"
"27/12/2023","18,247.00","18,036.00","18,247.00","18,036.00","4.03M","0.78%"
"26/12/2023","18,106.00","18,106.00","18,141.00","18,036.00","3.21M","0.39%"
"25/12/2023","18,036.00","18,036.00","18,141.00","17,930.00","2.78M","0.00%"
"22/12/2023","18,036.00","18,106.00","18,141.00","17,894.00","2.89M","-0.19%"
"21/12/2023","18,071.00","17,824.00","18,071.00","17,753.00","4.00M","1.19%"
"20/12/2023","17,859.00","17,859.00","17,965.00","17,577.00","3.77M","-0.40%"
"19/12/2023","17,930.00","17,965.00","17,965.00","17,647.00","3.32M","0.20%"
"18/12/2023","17,894.00","17,789.00","17,930.00","17,753.00","3.58M","-0.20%"
"15/12/2023","17,930.00","17,824.00","18,000.00","17,647.00","3.30M","0.00%"
"14/12/2023","17,930.00","18,000.00","18,071.00","17,718.00","3.74M","-0.39%"
"13/12/2023","18,000.00","18,177.00","18,283.00","17,753.00","3.81M","-0.78%"
"12/12/2023","18,141.00","18,071.00","18,247.00","17,824.00","3.40M","0.00%"
"11/12/2023","18,141.00","18,459.00","18,565.00","17,894.00","4.83M","-2.10%"
"08/12/2023","18,530.00","18,494.00","18,671.00","18,353.00","3.96M","-0.38%"
"07/12/2023","18,600.00","18,353.00","18,777.00","18,036.00","5.81M","1.93%"
"06/12/2023","18,247.00","18,212.00","18,247.00","18,000.00","3.42M","0.39%"
"05/12/2023","18,177.00","18,177.00","18,353.00","18,141.00","3.44M","-0.58%"
"04/12/2023","18,283.00","18,071.00","18,283.00","18,036.00","5.48M","1.37%"
"01/12/2023","18,036.00","17,965.00","18,106.00","17,647.00","4.47M","0.59%"
"30/11/2023","17,930.00","18,036.00","18,071.00","17,859.00","2.96M","-0.59%"
"29/11/2023","18,036.00","17,824.00","18,071.00","17,789.00","4.10M","1.59%"
"28/11/2023","17,753.00","17,824.00","17,824.00","17,365.00","3.33M","-0.79%"
"27/11/2023","17,894.00","18,247.00","18,283.00","17,859.00","3.45M","-1.56%"
"24/11/2023","18,177.00","17,894.00","18,177.00","17,541.00","5.40M","0.00%"
"23/11/2023","18,177.00","18,389.00","18,741.00","18,177.00","7.30M","-0.58%"
"22/11/2023","18,283.00","18,247.00","18,283.00","18,036.00","4.10M","0.58%"
"21/11/2023","18,177.00","18,141.00","18,247.00","18,000.00","3.39M","0.98%"
"20/11/2023","18,000.00","17,824.00","18,177.00","17,789.00","4.29M","-0.59%"
"17/11/2023","18,106.00","18,036.00","18,318.00","17,753.00","6.00M","0.19%"
"16/11/2023","18,071.00","18,071.00","18,247.00","17,753.00","4.64M","-0.77%"
"15/11/2023","18,212.00","18,494.00","18,565.00","18,141.00","3.93M","-0.96%"
"14/11/2023","18,389.00","18,036.00","18,459.00","17,683.00","5.30M","0.97%"
"13/11/2023","18,212.00","18,283.00","18,530.00","17,930.00","6.36M","0.00%"
"10/11/2023","18,212.00","18,141.00","18,353.00","18,071.00","7.20M","0.59%"
"09/11/2023","18,106.00","17,083.00","18,106.00","16,836.00","10.84M","6.88%"
"08/11/2023","16,941.00","16,659.00","16,941.00","16,624.00","5.51M","1.48%"
"07/11/2023","16,694.00","16,624.00","16,836.00","16,518.00","3.80M","0.00%"
"06/11/2023","16,694.00","16,800.00","16,836.00","16,412.00","2.90M","-0.22%"
"03/11/2023","16,730.00","16,588.00","16,765.00","16,518.00","3.77M","0.64%"
"02/11/2023","16,624.00","16,412.00","16,624.00","16,341.00","4.12M","1.95%"
"01/11/2023","16,306.00","16,024.00","16,306.00","15,953.00","2.55M","0.65%"
"31/10/2023","16,200.00","16,024.00","16,271.00","15,777.00","3.71M","0.00%"
"30/10/2023","16,200.00","16,236.00","16,306.00","16,024.00","1.97M","-0.65%"
"27/10/2023","16,306.00","15,812.00","16,306.00","15,636.00","3.76M","1.76%"
"26/10/2023","16,024.00","16,588.00","16,694.00","15,741.00","4.61M","-3.61%"
"25/10/2023","16,624.00","16,730.00","16,871.00","16,588.00","2.99M","-0.63%"
"24/10/2023","16,730.00","16,412.00","16,765.00","16,412.00","3.93M","1.72%"
"23/10/2023","16,447.00","16,588.00","16,624.00","16,412.00","3.11M","-0.64%"
"20/10/2023","16,553.00","16,306.00","16,553.00","16,094.00","2.63M","1.51%"
"19/10/2023","16,306.00","16,094.00","16,341.00","15,883.00","3.48M","0.43%"
"18/10/2023","16,236.00","16,236.00","16,553.00","15,177.00","5.06M","-0.43%"
"17/10/2023","16,306.00","16,483.00","16,624.00","16,306.00","2.64M","-1.70%"
"16/10/2023","16,588.00","16,800.00","16,800.00","16,447.00","2.87M","-1.26%"
"13/10/2023","16,800.00","16,694.00","16,836.00","16,659.00","2.10M","0.42%"
"12/10/2023","16,730.00","16,941.00","16,941.00","16,730.00","3.65M","0.00%"
"11/10/2023","16,730.00","16,588.00","16,730.00","16,518.00","3.12M","0.64%"
"10/10/2023","16,624.00","16,624.00","16,659.00","16,447.00","3.20M","0.00%"
"09/10/2023","16,624.00","16,518.00","16,730.00","16,483.00","2.30M","0.22%"
"06/10/2023","16,588.00","16,588.00","16,588.00","16,236.00","2.65M","0.42%"
"05/10/2023","16,518.00","16,800.00","16,836.00","16,341.00","2.54M","-0.85%"
"04/10/2023","16,659.00","16,236.00","16,659.00","16,236.00","4.69M","1.72%"
"03/10/2023","16,377.00","16,306.00","16,659.00","16,130.00","4.95M","-1.27%"
"02/10/2023","16,588.00","15,812.00","16,588.00","15,777.00","8.78M","5.14%"
"29/09/2023","15,777.00","15,883.00","15,953.00","15,600.00","2.96M","0.23%"
"28/09/2023","15,741.00","15,565.00","15,918.00","15,424.00","3.84M","1.36%"
"27/09/2023","15,530.00","14,541.00","15,530.00","14,541.00","4.79M","6.80%"
"26/09/2023","14,541.00","14,330.00","15,071.00","14,259.00","3.83M","2.23%"
"25/09/2023","14,224.00","14,824.00","15,530.00","14,224.00","4.46M","-3.59%"
"22/09/2023","14,753.00","14,612.00","14,894.00","14,330.00","2.50M","0.24%"
"21/09/2023","14,718.00","15,000.00","15,000.00","14,577.00","2.01M","-0.72%"
"20/09/2023","14,824.00","14,753.00","14,965.00","14,612.00","1.56M","1.95%"
"19/09/2023","14,541.00","14,612.00","14,683.00","14,400.00","1.86M","0.73%"
"18/09/2023","14,436.00","14,541.00","14,647.00","14,400.00","1.52M","-0.24%"
"15/09/2023","14,471.00","14,330.00","14,506.00","14,330.00","1.64M","0.98%"
"14/09/2023","14,330.00","14,400.00","14,506.00","14,330.00","1.98M","-0.24%"
"13/09/2023","14,365.00","14,683.00","14,788.00","14,365.00","2.59M","-1.45%"
"12/09/2023","14,577.00","14,683.00","14,753.00","14,400.00","2.04M","0.00%"
"11/09/2023","14,577.00","15,071.00","15,071.00","14,577.00","1.97M","-1.90%"
"08/09/2023","14,859.00","14,894.00","15,000.00","14,824.00","1.41M","0.24%"
"07/09/2023","14,824.00","14,788.00","15,071.00","14,718.00","1.49M","0.48%"
"06/09/2023","14,753.00","14,894.00","14,965.00","14,718.00","1.85M","0.00%"
"05/09/2023","14,753.00","14,824.00","15,000.00","14,753.00","2.28M","0.96%"
"31/08/2023","14,612.00","14,612.00","14,788.00","14,506.00","2.57M","0.97%"
"30/08/2023","14,471.00","14,647.00","14,647.00","14,436.00","2.13M","-0.48%"
"29/08/2023","14,541.00","14,753.00","14,824.00","14,471.00","2.34M","0.24%"
"28/08/2023","14,506.00","14,471.00","14,541.00","14,400.00","1.86M","0.24%"
"25/08/2023","14,471.00","14,471.00","14,683.00","14,365.00","1.68M","0.24%"
"24/08/2023","14,436.00","14,259.00","14,506.00","14,259.00","1.86M","1.75%"
"23/08/2023","14,188.00","14,365.00","14,471.00","14,153.00","2.27M","0.25%"
"22/08/2023","14,153.00","14,400.00","14,436.00","13,906.00","2.50M","-0.50%"
"21/08/2023","14,224.00","14,012.00","14,400.00","13,941.00","2.91M","-0.25%"
"18/08/2023","14,259.00","15,353.00","15,353.00","14,259.00","5.22M","-6.91%"
"17/08/2023","15,318.00","15,530.00","15,671.00","15,318.00","3.15M","-1.37%"
"16/08/2023","15,530.00","15,671.00","15,706.00","15,459.00","2.80M","-0.68%"
"15/08/2023","15,636.00","15,388.00","15,777.00","15,388.00","4.75M","1.61%"
"14/08/2023","15,388.00","15,283.00","15,565.00","15,283.00","4.61M","0.23%"
"11/08/2023","15,353.00","16,059.00","16,165.00","15,247.00","5.36M","-3.97%"
"10/08/2023","15,988.00","16,659.00","16,800.00","15,953.00","6.41M","-4.03%"
"09/08/2023","16,659.00","16,941.00","16,977.00","16,588.00","4.63M","-1.26%"
"08/08/2023","16,871.00","16,306.00","16,977.00","16,165.00","8.02M","3.46%"
"07/08/2023","16,306.00","16,412.00","16,518.00","16,165.00","3.09M","0.00%"
"04/08/2023","16,306.00","16,165.00","16,377.00","16,094.00","3.48M","0.87%"
"03/08/2023","16,165.00","16,518.00","16,871.00","16,165.00","5.52M","-2.34%"
"02/08/2023","16,553.00","16,553.00","16,730.00","16,553.00","3.52M","-0.84%"
"01/08/2023","16,694.00","16,730.00","17,083.00","16,518.00","5.65M","0.00%"
"31/07/2023","16,694.00","16,094.00","16,871.00","15,918.00","7.26M","2.16%"
"28/07/2023","16,341.00","16,518.00","16,624.00","16,236.00","3.65M","-1.07%"
"27/07/2023","16,518.00","16,765.00","16,836.00","16,412.00","3.34M","-1.27%"
"26/07/2023","16,730.00","16,836.00","16,941.00","16,518.00","3.36M","-0.63%"
"25/07/2023","16,836.00","17,012.00","17,012.00","16,730.00","2.65M","-0.83%"
"24/07/2023","16,977.00","17,153.00","17,259.00","16,836.00","4.05M","-1.03%"
"21/07/2023","17,153.00","17,047.00","17,294.00","17,012.00","4.50M","0.62%"
"20/07/2023","17,047.00","17,012.00","17,118.00","16,730.00","5.07M","0.21%"
"19/07/2023","17,012.00","16,977.00","17,083.00","16,941.00","2.68M","0.21%"
"18/07/2023","16,977.00","17,330.00","17,330.00","16,906.00","3.58M","-1.43%"
"17/07/2023","17,224.00","17,506.00","17,541.00","17,012.00","3.67M","-1.61%"
"14/07/2023","17,506.00","17,577.00","17,683.00","17,047.00","4.66M","-0.40%"
"13/07/2023","17,577.00","17,683.00","17,683.00","17,365.00","3.92M","0.00%"
"12/07/2023","17,577.00","17,647.00","17,859.00","17,330.00","4.83M","-1.19%"
"11/07/2023","17,789.00","17,718.00","17,965.00","17,400.00","7.10M","0.40%"
"10/07/2023","17,718.00","17,083.00","17,753.00","17,012.00","6.21M","4.15%"
"07/07/2023","17,012.00","16,730.00","17,012.00","16,553.00","4.60M","1.26%"
"06/07/2023","16,800.00","16,871.00","17,012.00","16,483.00","4.85M","-1.25%"
"05/07/2023","17,012.00","17,083.00","17,224.00","16,765.00","5.13M","0.00%"
"04/07/2023","17,012.00","16,200.00","17,224.00","16,130.00","9.39M","5.01%"
"03/07/2023","16,200.00","16,236.00","16,271.00","16,059.00","2.56M","0.00%"
"30/06/2023","16,200.00","16,200.00","16,236.00","15,847.00","2.99M","0.43%"
"29/06/2023","16,130.00","16,341.00","16,483.00","16,130.00","3.21M","-1.93%"
"28/06/2023","16,447.00","16,130.00","16,483.00","16,094.00","4.52M","1.30%"
"27/06/2023","16,236.00","16,306.00","16,412.00","16,059.00","2.44M","0.00%"
"26/06/2023","16,236.00","16,377.00","16,447.00","15,918.00","3.67M","-0.86%"
"23/06/2023","16,377.00","16,588.00","16,765.00","16,377.00","3.16M","-1.69%"
"22/06/2023","16,659.00","16,624.00","16,800.00","16,483.00","3.92M","0.43%"
"21/06/2023","16,588.00","16,165.00","16,659.00","16,165.00","5.57M","2.62%"
"20/06/2023","16,165.00","16,236.00","16,236.00","16,059.00","2.02M","0.00%"
"19/06/2023","16,165.00","16,236.00","16,412.00","15,918.00","3.47M","-0.44%"
"16/06/2023","16,236.00","16,483.00","16,659.00","16,236.00","2.87M","-1.50%"
"15/06/2023","16,483.00","16,094.00","16,659.00","16,094.00","4.54M","1.52%"
"14/06/2023","16,236.00","16,483.00","16,588.00","16,236.00","2.82M","-1.28%"
"13/06/2023","16,447.00","16,236.00","16,447.00","15,918.00","3.48M","2.19%"
"12/06/2023","16,094.00","16,518.00","16,659.00","15,953.00","3.44M","-2.57%"
"09/06/2023","16,518.00","16,871.00","16,941.00","16,236.00","4.71M","-2.90%"
"08/06/2023","17,012.00","17,083.00","17,153.00","16,836.00","5.51M","0.00%"
"07/06/2023","17,012.00","16,694.00","17,118.00","16,588.00","5.06M","1.26%"
"06/06/2023","16,800.00","16,659.00","16,836.00","16,518.00","3.96M","0.00%"
"05/06/2023","16,800.00","16,977.00","17,118.00","16,588.00","3.04M","-1.04%"
"02/06/2023","16,977.00","16,871.00","16,977.00","16,588.00","4.00M","1.05%"
"01/06/2023","16,800.00","17,083.00","17,083.00","16,588.00","3.08M","-1.25%"
"31/05/2023","17,012.00","16,624.00","17,012.00","16,624.00","4.16M","1.69%"
"30/05/2023","16,730.00","16,836.00","16,871.00","16,588.00","3.60M","-0.42%"
"29/05/2023","16,800.00","16,553.00","16,800.00","16,483.00","2.93M","0.42%"
"26/05/2023","16,730.00","16,871.00","16,871.00","16,624.00","2.91M","0.00%"
"25/05/2023","16,730.00","17,012.00","17,153.00","16,588.00","3.57M","-1.25%"
"24/05/2023","16,941.00","17,400.00","17,400.00","16,730.00","4.06M","-1.64%"
"23/05/2023","17,224.00","16,730.00","17,224.00","16,659.00","4.74M","2.74%"
"22/05/2023","16,765.00","16,236.00","16,765.00","16,236.00","5.17M","3.71%"
"19/05/2023","16,165.00","15,918.00","16,165.00","15,777.00","3.14M","1.11%"
"18/05/2023","15,988.00","16,165.00","16,341.00","15,847.00","3.10M","-1.31%"
"17/05/2023","16,200.00","16,306.00","16,659.00","16,094.00","3.36M","-1.29%"
"16/05/2023","16,412.00","15,530.00","16,483.00","15,530.00","5.62M","4.26%"
"15/05/2023","15,741.00","16,165.00","16,165.00","15,600.00","3.42M","-1.33%"
"12/05/2023","15,953.00","15,600.00","16,024.00","15,600.00","3.97M","2.26%"
"11/05/2023","15,600.00","15,353.00","15,636.00","15,353.00","4.69M","1.14%"
"10/05/2023","15,424.00","15,353.00","15,530.00","15,212.00","3.69M","0.46%"
"09/05/2023","15,353.00","15,071.00","15,353.00","14,965.00","2.75M","1.87%"
"08/05/2023","15,071.00","15,494.00","15,494.00","15,036.00","3.27M","-1.84%"
"05/05/2023","15,353.00","15,247.00","15,388.00","14,965.00","3.91M","0.70%"
"04/05/2023","15,247.00","14,330.00","15,247.00","13,977.00","6.72M","5.88%"
"28/04/2023","14,400.00","14,400.00","14,683.00","14,224.00","2.22M","-0.73%"
"27/04/2023","14,506.00","14,506.00","14,612.00","14,400.00","1.34M","0.24%"
"26/04/2023","14,471.00","14,224.00","14,471.00","14,083.00","1.63M","0.98%"
"25/04/2023","14,330.00","14,330.00","14,541.00","14,224.00","2.13M","-0.49%"
"24/04/2023","14,400.00","14,824.00","14,824.00","14,365.00","2.08M","-1.93%"
"21/04/2023","14,683.00","15,000.00","15,036.00","14,471.00","2.65M","-1.42%"
"20/04/2023","14,894.00","14,577.00","15,036.00","14,577.00","2.48M","0.96%"
"19/04/2023","14,753.00","14,894.00","15,141.00","14,612.00","2.68M","-2.11%"
"18/04/2023","15,071.00","15,283.00","15,424.00","14,930.00","3.10M","-0.93%"
"17/04/2023","15,212.00","14,506.00","15,459.00","14,506.00","5.98M","4.36%"
"14/04/2023","14,577.00","14,683.00","14,753.00","14,541.00","2.60M","0.00%"
"13/04/2023","14,577.00","14,436.00","14,683.00","14,400.00","2.52M","0.49%"
"12/04/2023","14,506.00","14,824.00","14,965.00","14,471.00","3.23M","-1.91%"
"11/04/2023","14,788.00","14,788.00","15,000.00","14,612.00","3.91M","-0.24%"
"10/04/2023","14,824.00","14,436.00","14,965.00","14,436.00","6.28M","2.44%"
"07/04/2023","14,471.00","14,471.00","14,541.00","14,330.00","1.57M","-0.48%"
"06/04/2023","14,541.00","14,718.00","14,718.00","14,365.00","2.20M","0.00%"
"05/04/2023","14,541.00","14,471.00","14,683.00","14,400.00","2.22M","0.24%"
"04/04/2023","14,506.00","14,259.00","14,541.00","14,259.00","3.32M","1.48%"
"03/04/2023","14,294.00","14,012.00","14,330.00","13,871.00","2.96M","1.00%"
"31/03/2023","14,153.00","14,118.00","14,153.00","14,012.00","1.81M","0.25%"
"30/03/2023","14,118.00","13,977.00","14,153.00","13,800.00","2.47M","0.00%"
"29/03/2023","14,118.00","14,330.00","14,330.00","14,047.00","1.23M","0.00%"
"28/03/2023","14,118.00","13,941.00","14,118.00","13,906.00","1.76M","1.01%"
"27/03/2023","13,977.00","14,153.00","14,188.00","13,941.00","2.15M","-0.50%"
"24/03/2023","14,047.00","13,836.00","14,118.00","13,836.00","2.38M","0.76%"
"23/03/2023","13,941.00","13,941.00","14,083.00","13,836.00","1.78M","-0.75%"
"22/03/2023","14,047.00","14,047.00","14,153.00","13,941.00","1.55M","0.00%"
"21/03/2023","14,047.00","13,906.00","14,118.00","13,906.00","2.05M","1.01%"
"20/03/2023","13,906.00","14,188.00","14,188.00","13,906.00","1.56M","-1.99%"
"17/03/2023","14,188.00","14,188.00","14,400.00","14,188.00","1.57M","-0.50%"
"16/03/2023","14,259.00","14,294.00","14,330.00","14,153.00","1.82M","-1.94%"
"15/03/2023","14,541.00","14,259.00","14,541.00","14,259.00","2.81M","2.23%"
"14/03/2023","14,224.00","14,541.00","14,577.00","14,047.00","3.95M","-2.42%"
"13/03/2023","14,577.00","15,000.00","15,000.00","14,577.00","2.39M","-2.82%"
"10/03/2023","15,000.00","15,177.00","15,177.00","14,824.00","2.46M","-0.93%"
"09/03/2023","15,141.00","14,683.00","15,141.00","14,577.00","6.81M","4.13%"
"08/03/2023","14,541.00","14,330.00","14,541.00","14,259.00","3.02M","0.98%"
"07/03/2023","14,400.00","14,294.00","14,436.00","14,118.00","2.09M","0.00%"
"06/03/2023","14,400.00","14,365.00","14,683.00","14,294.00","2.11M","-0.49%"
"03/03/2023","14,471.00","14,824.00","14,859.00","14,224.00","3.29M","-1.68%"
"02/03/2023","14,718.00","14,577.00","14,788.00","14,471.00","3.19M","0.48%"
"01/03/2023","14,647.00","13,977.00","14,647.00","13,836.00","4.24M","3.75%"
"28/02/2023","14,118.00","14,188.00","14,259.00","13,871.00","2.52M","0.00%"
"27/02/2023","14,118.00","14,330.00","14,400.00","13,836.00","2.91M","-2.67%"
"24/02/2023","14,506.00","14,824.00","14,824.00","14,294.00","3.09M","-1.44%"
"23/02/2023","14,718.00","14,330.00","14,753.00","14,294.00","4.79M","0.97%"
"22/02/2023","14,577.00","14,577.00","14,824.00","14,330.00","5.43M","-0.48%"
"21/02/2023","14,647.00","14,718.00","14,894.00","14,577.00","4.63M","1.22%"
"20/02/2023","14,471.00","13,447.00","14,471.00","13,447.00","6.89M","6.77%"
"17/02/2023","13,553.00","13,624.00","13,694.00","13,377.00","1.85M","-0.52%"
"16/02/2023","13,624.00","13,624.00","13,730.00","13,377.00","2.55M","1.32%"
"15/02/2023","13,447.00","13,412.00","13,659.00","13,271.00","3.96M","0.52%"
"14/02/2023","13,377.00","13,165.00","13,377.00","13,059.00","2.73M","0.53%"
"13/02/2023","13,306.00","13,800.00","13,800.00","13,024.00","3.76M","-2.33%"
"10/02/2023","13,624.00","13,624.00","13,800.00","13,588.00","3.41M","0.00%"
"09/02/2023","13,624.00","13,412.00","13,694.00","13,412.00","1.78M","1.58%"
"08/02/2023","13,412.00","13,553.00","13,624.00","13,200.00","2.67M","-1.04%"
"07/02/2023","13,553.00","13,518.00","13,624.00","13,341.00","3.83M","0.26%"
"06/02/2023","13,518.00","13,412.00","13,553.00","13,024.00","2.20M","1.33%"
"03/02/2023","13,341.00","13,200.00","13,447.00","12,741.00","6.67M","2.72%"
"02/02/2023","12,988.00","12,565.00","12,988.00","12,565.00","3.37M","1.94%"
"01/02/2023","12,741.00","13,200.00","13,377.00","12,741.00","3.00M","-3.22%"
"31/01/2023","13,165.00","12,635.00","13,200.00","12,530.00","4.83M","2.48%"
"30/01/2023","12,847.00","12,741.00","13,165.00","12,671.00","2.86M","0.27%"
"27/01/2023","12,812.00","12,988.00","13,235.00","12,741.00","3.46M","0.56%"
"19/01/2023","12,741.00","12,671.00","12,847.00","12,565.00","3.12M","0.55%"
"18/01/2023","12,671.00","12,530.00","12,883.00","12,494.00","2.23M","1.13%"
"17/01/2023","12,530.00","12,424.00","12,671.00","12,424.00","1.85M","1.15%"
"16/01/2023","12,388.00","12,035.00","12,565.00","12,035.00","2.33M","1.73%"
"13/01/2023","12,177.00","12,353.00","12,565.00","12,177.00","1.77M","-0.86%"
"12/01/2023","12,283.00","12,247.00","12,530.00","12,106.00","1.85M","0.00%"
"11/01/2023","12,283.00","12,459.00","12,565.00","12,247.00","1.63M","-0.28%"
"10/01/2023","12,318.00","12,247.00","12,459.00","12,000.00","1.80M","0.58%"
"09/01/2023","12,247.00","12,494.00","12,706.00","12,247.00","1.65M","-1.98%"
"06/01/2023","12,494.00","12,706.00","12,812.00","12,318.00","2.54M","-1.12%"
"05/01/2023","12,635.00","12,706.00","13,130.00","12,565.00","2.15M","-2.19%"
"04/01/2023","12,918.00","13,730.00","13,906.00","12,918.00","4.12M","-5.42%"
"03/01/2023","13,659.00","12,988.00","13,659.00","12,953.00","5.06M","5.45%"
"30/12/2022","12,953.00","12,424.00","12,988.00","12,424.00","3.04M","0.54%"
"29/12/2022","12,883.00","13,200.00","13,235.00","12,635.00","4.31M","-2.14%"
"28/12/2022","13,165.00","13,094.00","13,412.00","12,918.00","3.26M","1.36%"
"27/12/2022","12,988.00","12,071.00","12,988.00","11,965.00","6.10M","6.98%"
"26/12/2022","12,141.00","12,741.00","12,847.00","12,106.00","4.49M","-5.50%"
"23/12/2022","12,847.00","13,094.00","13,130.00","12,494.00","3.02M","-1.89%"
"22/12/2022","13,094.00","13,094.00","13,235.00","12,565.00","4.47M","0.00%"
"21/12/2022","13,094.00","12,988.00","13,165.00","12,494.00","5.92M","2.77%"
"20/12/2022","12,741.00","11,788.00","12,741.00","11,788.00","7.26M","6.80%"
"19/12/2022","11,930.00","11,824.00","12,353.00","11,824.00","2.24M","0.60%"
"16/12/2022","11,859.00","11,788.00","12,424.00","11,753.00","3.99M","-0.89%"
"15/12/2022","11,965.00","11,965.00","12,106.00","11,753.00","2.57M","0.00%"
"14/12/2022","11,965.00","12,459.00","12,459.00","11,930.00","2.32M","-1.74%"
"13/12/2022","12,177.00","12,530.00","12,706.00","11,753.00","3.19M","-3.36%"
"12/12/2022","12,600.00","12,530.00","13,200.00","12,530.00","3.33M","0.28%"
"09/12/2022","12,565.00","13,024.00","13,024.00","12,459.00","3.40M","-1.66%"
"08/12/2022","12,777.00","12,741.00","13,235.00","12,494.00","4.64M","0.84%"
"07/12/2022","12,671.00","13,553.00","13,694.00","12,671.00","2.31M","-5.77%"
"06/12/2022","13,447.00","12,953.00","13,906.00","12,283.00","8.66M","3.25%"
"05/12/2022","13,024.00","13,624.00","13,730.00","12,953.00","3.95M","-2.64%"
"02/12/2022","13,377.00","13,200.00","13,377.00","12,424.00","3.40M","1.88%"
"01/12/2022","13,130.00","12,494.00","13,235.00","12,494.00","9.01M","5.99%"
"30/11/2022","12,388.00","12,988.00","12,988.00","12,283.00","2.98M","-2.50%"
"29/11/2022","12,706.00","12,247.00","12,706.00","11,647.00","5.63M","4.65%"
"28/11/2022","12,141.00","11,824.00","12,388.00","11,824.00","4.07M","2.08%"
"25/11/2022","11,894.00","11,930.00","12,000.00","11,506.00","1.96M","0.90%"
"24/11/2022","11,788.00","11,859.00","11,859.00","11,047.00","2.37M","-0.60%"
"23/11/2022","11,859.00","12,318.00","12,424.00","11,647.00","1.14M","-3.72%"
"22/11/2022","12,317.80","11,470.80","12,530.00","11,224.00","3.59M","5.12%"
"21/11/2022","11,717.80","11,400.20","11,718.00","11,400.00","1.57M","0.00%"
"18/11/2022","11,717.80","11,894.30","11,894.00","11,330.00","1.49M","-1.48%"
"17/11/2022","11,894.30","11,859.00","12,212.00","11,683.00","1.43M","0.30%"
"16/11/2022","11,859.00","10,411.90","11,859.00","10,412.00","2.10M","5.99%"
"15/11/2022","11,188.40","11,506.10","11,824.00","11,188.00","1.42M","-6.76%"
"14/11/2022","12,000.20","12,353.10","12,353.00","11,965.00","1.79M","-6.59%"
"11/11/2022","12,847.30","12,917.80","13,730.00","12,847.00","3.72M","-6.90%"
"10/11/2022","13,800.20","14,753.20","14,753.00","13,800.00","861.60K","-6.91%"
"09/11/2022","14,823.80","14,400.20","14,965.00","14,259.00","1.34M","-0.47%"
"08/11/2022","14,894.30","14,859.10","15,212.00","14,859.00","7.34M","-6.64%"
"07/11/2022","15,953.20","15,953.20","15,953.00","15,953.00","209.00K","-6.80%"
"04/11/2022","17,117.90","17,188.50","17,259.00","17,118.00","1.44M","-6.91%"
"03/11/2022","18,388.50","19,729.70","19,730.00","18,389.00","6.29M","-6.96%"
"02/11/2022","19,765.00","19,906.20","19,906.00","18,424.00","4.58M","-0.18%"
"01/11/2022","19,800.30","19,800.30","20,083.00","19,518.00","4.14M","-0.36%"
"31/10/2022","19,870.90","19,341.50","19,906.00","19,306.00","4.87M","2.36%"
"28/10/2022","19,412.10","19,412.10","19,518.00","18,989.00","3.65M","0.00%"
"27/10/2022","19,412.10","18,953.20","19,412.00","18,706.00","2.73M","1.85%"
"26/10/2022","19,059.10","19,412.10","19,730.00","18,706.00","4.35M","1.89%"
"25/10/2022","18,706.20","18,212.00","19,059.00","17,965.00","4.84M","3.11%"
"24/10/2022","18,141.50","17,753.20","18,177.00","17,506.00","3.65M","1.38%"
"21/10/2022","17,894.40","18,353.20","18,424.00","17,471.00","3.50M","-2.69%"
"20/10/2022","18,388.50","19,129.70","19,130.00","18,141.00","4.46M","-3.87%"
"19/10/2022","19,129.70","18,635.60","19,130.00","18,212.00","3.90M","3.04%"
"18/10/2022","18,565.00","19,270.90","19,624.00","18,353.00","3.52M","-1.50%"
"17/10/2022","18,847.40","17,647.30","18,883.00","17,436.00","3.59M","6.80%"
"14/10/2022","17,647.30","17,435.60","17,789.00","17,294.00","2.06M","0.60%"
"13/10/2022","17,541.40","17,788.50","17,789.00","17,083.00","3.01M","1.02%"
"12/10/2022","17,365.00","16,447.30","17,365.00","16,271.00","2.23M","6.96%"
"11/10/2022","16,235.50","15,812.00","16,306.00","15,000.00","5.03M","5.02%"
"10/10/2022","15,459.10","14,329.60","15,459.00","14,294.00","2.62M","6.83%"
"07/10/2022","14,470.80","14,153.20","15,036.00","13,730.00","3.18M","-0.97%"
"06/10/2022","14,612.00","15,741.40","15,741.00","14,612.00","2.00M","-6.33%"
"05/10/2022","15,600.20","14,929.60","15,671.00","14,930.00","1.78M","4.99%"
"04/10/2022","14,859.10","15,176.70","15,247.00","14,718.00","2.93M","0.24%"
"03/10/2022","14,823.80","16,094.40","16,236.00","14,753.00","2.69M","-6.46%"
"30/09/2022","15,847.30","16,376.70","16,377.00","15,212.00","3.00M","-0.66%"
"29/09/2022","15,953.20","16,588.50","16,659.00","15,953.00","1.76M","-0.88%"
"28/09/2022","16,094.40","17,082.60","17,294.00","16,094.00","2.40M","-5.98%"
"27/09/2022","17,117.90","17,400.30","17,859.00","17,012.00","2.50M","-1.22%"
"26/09/2022","17,329.70","18,247.30","18,247.00","17,224.00","3.95M","-5.76%"
"23/09/2022","18,388.50","18,423.80","18,671.00","18,318.00","2.23M","0.00%"
"22/09/2022","18,388.50","18,353.20","18,706.00","17,965.00","5.11M","0.19%"
"21/09/2022","18,353.20","18,423.80","18,424.00","18,000.00","2.91M","-1.14%"
"20/09/2022","18,565.00","18,388.50","18,706.00","17,647.00","5.23M","0.38%"
"19/09/2022","18,494.40","19,094.40","19,130.00","18,036.00","4.18M","-2.78%"
"16/09/2022","19,023.80","19,659.10","19,906.00","18,918.00","3.63M","-3.41%"
"15/09/2022","19,694.40","19,870.90","19,906.00","19,447.00","3.04M","-0.18%"
"14/09/2022","19,729.70","19,341.50","19,765.00","19,059.00","3.94M","1.27%"
"13/09/2022","19,482.70","18,917.90","19,483.00","18,812.00","4.27M","2.03%"
"12/09/2022","19,094.40","18,741.50","19,447.00","18,741.00","2.71M","0.37%"
"09/09/2022","19,023.80","20,153.30","20,153.00","18,777.00","5.03M","-3.23%"
"08/09/2022","19,659.10","20,118.00","20,400.00","19,059.00","7.70M","-1.76%"
"07/09/2022","20,012.10","20,153.30","20,330.00","19,765.00","3.52M","-0.18%"
"06/09/2022","20,047.40","19,588.50","20,683.00","19,589.00","6.07M","0.35%"
"05/09/2022","19,976.80","20,965.00","21,353.00","19,977.00","7.42M","-4.39%"
"31/08/2022","20,894.40","21,176.80","21,671.00","20,894.00","6.05M","-1.99%"
"30/08/2022","21,318.00","21,318.00","21,777.00","20,859.00","5.58M","0.33%"
"29/08/2022","21,247.40","21,106.20","21,353.00","20,541.00","5.39M","-0.33%"
"26/08/2022","21,318.00","20,682.70","21,318.00","20,330.00","4.64M","3.25%"
"25/08/2022","20,647.40","20,965.00","21,389.00","20,541.00","3.80M","-1.18%"
"24/08/2022","20,894.40","21,212.10","21,530.00","20,894.00","5.47M","-1.17%"
"23/08/2022","21,141.50","20,823.90","21,142.00","20,541.00","3.23M","0.50%"
"22/08/2022","21,035.60","21,247.40","21,247.00","20,753.00","3.87M","-1.00%"
"19/08/2022","21,247.40","20,047.40","21,247.00","19,800.00","8.18M","4.33%"
"18/08/2022","20,365.00","21,035.60","21,247.00","20,294.00","6.14M","-3.19%"
"17/08/2022","21,035.60","21,882.70","22,130.00","20,859.00","7.44M","-3.87%"
"16/08/2022","21,882.70","22,623.90","22,659.00","21,565.00","6.86M","-2.52%"
"15/08/2022","22,447.40","22,094.50","22,553.00","21,847.00","4.61M","2.58%"
"12/08/2022","21,882.70","22,306.20","22,306.00","21,459.00","7.56M","-1.90%"
"11/08/2022","22,306.20","22,623.90","22,942.00","22,165.00","4.64M","-1.40%"
"10/08/2022","22,623.90","22,623.90","23,083.00","21,847.00","4.65M","-0.16%"
"09/08/2022","22,659.20","21,741.50","22,659.00","21,530.00","7.14M","1.91%"
"08/08/2022","22,235.60","23,153.30","23,259.00","22,236.00","3.88M","-3.96%"
"05/08/2022","23,153.30","23,047.40","23,365.00","22,800.00","2.65M","0.46%"
"04/08/2022","23,047.40","23,506.20","23,542.00","22,871.00","3.32M","-1.95%"
"03/08/2022","23,506.20","22,800.40","23,506.00","22,518.00","4.61M","3.58%"
"02/08/2022","22,694.50","22,694.50","23,153.00","21,953.00","4.64M","-0.62%"
"01/08/2022","22,835.60","23,294.50","23,294.00","21,953.00","5.48M","-3.14%"
"29/07/2022","23,576.80","23,647.40","24,142.00","23,153.00","3.66M","-2.05%"
"28/07/2022","24,071.00","23,929.80","24,424.00","23,789.00","5.11M","1.04%"
"27/07/2022","23,823.90","23,541.50","23,824.00","22,871.00","3.41M","0.45%"
"26/07/2022","23,718.00","24,000.40","24,353.00","23,718.00","2.09M","-2.47%"
"25/07/2022","24,318.00","24,318.00","24,706.00","24,071.00","2.61M","0.29%"
"22/07/2022","24,247.40","23,788.60","24,459.00","23,083.00","4.57M","0.15%"
"21/07/2022","24,212.10","25,835.70","25,871.00","24,212.00","4.99M","-6.92%"
"20/07/2022","26,012.20","26,612.20","26,895.00","25,836.00","4.66M","-1.47%"
"19/07/2022","26,400.40","26,612.20","26,930.00","26,259.00","3.01M","-1.71%"
"18/07/2022","26,859.20","26,118.10","27,106.00","26,118.00","5.74M","3.26%"
"15/07/2022","26,012.20","26,188.60","26,189.00","25,412.00","2.84M","-0.67%"
"14/07/2022","26,188.60","25,906.30","26,259.00","25,095.00","4.23M","0.27%"
"13/07/2022","26,118.10","26,859.20","26,965.00","26,118.00","3.63M","-3.14%"
"12/07/2022","26,965.10","25,871.00","27,247.00","25,765.00","5.15M","4.37%"
"11/07/2022","25,835.70","25,129.80","26,259.00","24,847.00","4.46M","3.24%"
"08/07/2022","25,023.90","25,271.00","25,447.00","24,212.00","3.47M","0.57%"
"07/07/2022","24,882.70","24,459.20","25,059.00","24,389.00","3.70M","0.71%"
"06/07/2022","24,706.30","24,635.70","25,165.00","24,142.00","5.27M","0.86%"
"05/07/2022","24,494.50","24,423.90","25,200.00","23,789.00","3.31M","1.02%"
"04/07/2022","24,247.40","24,953.30","25,483.00","24,247.00","3.91M","-1.58%"
"01/07/2022","24,635.70","23,471.00","24,918.00","23,400.00","5.50M","5.12%"
"30/06/2022","23,435.70","24,000.40","24,283.00","23,365.00","2.53M","-1.48%"
"29/06/2022","23,788.60","23,718.00","24,000.00","23,506.00","3.20M","-0.30%"
"28/06/2022","23,859.20","23,365.10","24,283.00","23,365.00","4.14M","3.36%"
"27/06/2022","23,082.70","21,600.30","23,083.00","21,459.00","4.16M","6.86%"
"24/06/2022","21,600.30","21,529.70","21,989.00","21,212.00","2.74M","0.82%"
"23/06/2022","21,423.90","21,882.70","21,989.00","21,036.00","3.21M","-0.82%"
"22/06/2022","21,600.30","21,070.90","21,918.00","20,824.00","2.69M","2.00%"
"21/06/2022","21,176.80","21,812.10","22,236.00","21,142.00","1.82M","-0.17%"
"20/06/2022","21,212.10","21,565.00","22,377.00","20,471.00","1.89M","-1.80%"
"17/06/2022","21,600.30","21,600.30","21,883.00","21,283.00","1.90M","-0.97%"
"16/06/2022","21,812.10","22,376.80","22,377.00","21,671.00","1.73M","0.00%"
"15/06/2022","21,812.10","20,965.00","21,953.00","20,965.00","2.29M","3.00%"
"14/06/2022","21,176.80","20,894.40","21,847.00","20,471.00","2.11M","0.17%"
"13/06/2022","21,141.50","21,988.60","22,130.00","21,142.00","2.28M","-6.70%"
"10/06/2022","22,659.20","23,223.90","23,224.00","22,483.00","1.69M","-2.73%"
"09/06/2022","23,294.50","24,141.60","24,142.00","22,942.00","1.07M","-2.94%"
"08/06/2022","24,000.40","23,788.60","24,177.00","23,789.00","1.22M","1.64%"
"07/06/2022","23,612.10","22,518.00","23,612.00","22,024.00","1.64M","4.69%"
"06/06/2022","22,553.30","23,506.20","23,542.00","22,377.00","2.60M","-4.63%"
"03/06/2022","23,647.40","24,282.70","24,424.00","23,294.00","1.82M","-3.18%"
"02/06/2022","24,423.90","25,694.50","25,836.00","24,283.00","1.56M","-4.68%"
"01/06/2022","25,623.90","24,353.30","26,047.00","24,247.00","2.65M","2.83%"
"31/05/2022","24,918.00","26,718.10","26,753.00","24,812.00","3.16M","-6.49%"
"30/05/2022","26,647.50","26,506.30","26,895.00","26,118.00","2.28M","0.27%"
"27/05/2022","26,576.90","26,753.40","27,142.00","26,365.00","2.29M","-0.66%"
"26/05/2022","26,753.40","26,894.50","27,318.00","26,471.00","1.90M","-1.04%"
"25/05/2022","27,035.70","26,471.00","27,036.00","26,436.00","2.59M","3.51%"
"24/05/2022","26,118.10","24,423.90","26,118.00","24,000.00","4.75M","6.94%"
"23/05/2022","24,423.90","24,423.90","24,565.00","24,283.00","1.08M","0.00%"
"20/05/2022","24,423.90","24,353.30","24,742.00","24,177.00","1.41M","0.87%"
"19/05/2022","24,212.10","24,000.40","24,706.00","23,506.00","1.46M","-0.29%"
"18/05/2022","24,282.70","24,494.50","24,989.00","24,000.00","2.02M","-1.43%"
"17/05/2022","24,635.70","23,576.80","24,636.00","22,942.00","2.73M","5.12%"
"16/05/2022","23,435.70","22,588.60","23,718.00","22,589.00","2.49M","3.75%"
"13/05/2022","22,588.60","22,623.90","22,800.00","22,236.00","882.10K","-1.23%"
"12/05/2022","22,870.90","23,365.10","23,365.00","22,589.00","1.58M","-2.12%"
"11/05/2022","23,365.10","22,588.60","23,647.00","22,589.00","2.27M","3.76%"
"10/05/2022","22,518.00","20,823.90","22,518.00","19,765.00","3.63M","6.87%"
"09/05/2022","21,070.90","21,176.80","21,883.00","21,071.00","862.60K","8.99%"
"06/05/2022","19,332.80","19,788.10","19,998.00","19,193.00","2.61M","-1.60%"
"05/05/2022","19,648.00","20,593.60","20,629.00","19,648.00","1.76M","-3.11%"
"04/05/2022","20,278.40","20,278.40","20,419.00","19,893.00","2.16M","-0.34%"
"29/04/2022","20,348.50","20,488.60","20,524.00","19,823.00","1.83M","-0.17%"
"28/04/2022","20,383.50","20,313.50","21,154.00","20,208.00","3.13M","2.28%"
"27/04/2022","19,928.20","18,667.40","19,928.00","18,667.00","6.14M","6.96%"
"26/04/2022","18,632.30","18,562.30","18,632.00","17,372.00","2.64M","0.19%"
"25/04/2022","18,597.30","19,963.20","20,033.00","18,597.00","1.08M","-6.84%"
"22/04/2022","19,963.20","20,173.40","20,559.00","19,473.00","1.80M","-1.04%"
"21/04/2022","20,173.40","19,788.10","20,208.00","18,597.00","5.62M","-28.67%"
"20/04/2022","28,281.00","29,868.00","29,968.00","28,281.00","1.51M","-5.63%"
"19/04/2022","29,968.00","30,265.00","30,315.00","28,926.00","2.04M","-0.82%"
"18/04/2022","30,216.00","30,265.00","30,464.00","29,769.00","1.56M","0.00%"
"15/04/2022","30,216.00","30,265.00","30,613.00","30,017.00","1.64M","-0.65%"
"14/04/2022","30,414.00","30,960.00","31,010.00","30,315.00","1.93M","-1.60%"
"13/04/2022","30,910.00","29,472.00","30,910.00","29,025.00","4.00M","4.18%"
"12/04/2022","29,670.00","29,819.00","30,067.00","29,670.00","1.80M","0.00%"
"08/04/2022","29,670.00","30,117.00","30,464.00","29,670.00","1.81M","-1.16%"
"07/04/2022","30,017.00","30,513.00","30,960.00","29,918.00","2.10M","-1.79%"
"06/04/2022","30,563.00","30,762.00","31,208.00","30,563.00","1.57M","-1.28%"
"05/04/2022","30,960.00","31,158.00","31,258.00","30,563.00","1.54M","-0.16%"
"04/04/2022","31,010.00","30,762.00","31,506.00","30,414.00","2.19M","0.00%"
"01/04/2022","31,010.00","30,662.00","31,010.00","30,563.00","1.59M","0.81%"
"31/03/2022","30,762.00","29,918.00","31,010.00","29,868.00","2.92M","3.34%"
"30/03/2022","29,769.00","30,265.00","30,613.00","29,769.00","1.28M","-2.91%"
"29/03/2022","30,662.00","30,613.00","31,158.00","30,166.00","2.62M","-0.33%"
"28/03/2022","30,762.00","31,010.00","31,208.00","30,513.00","1.47M","-1.43%"
"25/03/2022","31,208.00","31,208.00","31,407.00","30,960.00","1.35M","0.48%"
"24/03/2022","31,059.00","30,861.00","31,506.00","30,613.00","2.53M","0.80%"
"23/03/2022","30,811.00","30,712.00","30,910.00","30,315.00","1.50M","0.49%"
"22/03/2022","30,662.00","30,960.00","30,960.00","30,414.00","1.71M","-0.96%"
"21/03/2022","30,960.00","31,605.00","31,754.00","30,762.00","2.06M","-2.04%"
"18/03/2022","31,605.00","31,952.00","33,044.00","31,555.00","3.89M","-0.93%"
"17/03/2022","31,903.00","30,960.00","32,052.00","30,662.00","3.98M","2.88%"
"16/03/2022","31,010.00","31,754.00","32,002.00","30,910.00","2.03M","-2.19%"
"15/03/2022","31,704.00","31,010.00","32,250.00","30,762.00","4.03M","2.24%"
"14/03/2022","31,010.00","31,010.00","31,407.00","30,613.00","2.58M","1.13%"
"11/03/2022","30,662.00","29,521.00","30,861.00","29,273.00","4.25M","4.21%"
"10/03/2022","29,422.00","29,720.00","30,910.00","28,231.00","4.27M","0.34%"
"09/03/2022","29,323.00","29,025.00","29,472.00","28,380.00","3.37M","-0.17%"
"08/03/2022","29,372.00","30,513.00","30,513.00","29,372.00","3.16M","-4.82%"
"07/03/2022","30,861.00","30,861.00","31,506.00","30,563.00","2.77M","-0.80%"
"04/03/2022","31,109.00","30,762.00","31,407.00","30,464.00","3.35M","1.95%"
"03/03/2022","30,513.00","28,578.00","30,513.00","28,578.00","5.92M","6.95%"
"02/03/2022","28,529.00","28,479.00","28,777.00","28,281.00","2.17M","1.41%"
"01/03/2022","28,132.00","28,132.00","28,330.00","27,785.00","1.69M","-0.53%"
"28/02/2022","28,281.00","28,827.00","28,827.00","28,182.00","1.92M","-1.55%"
"25/02/2022","28,727.00","28,082.00","28,926.00","27,983.00","3.95M","2.84%"
"24/02/2022","27,933.00","27,884.00","28,033.00","27,288.00","2.83M","-0.36%"
"23/02/2022","28,033.00","27,288.00","28,330.00","26,991.00","2.73M","2.73%"
"22/02/2022","27,288.00","28,033.00","28,033.00","27,239.00","1.99M","-3.51%"
"21/02/2022","28,281.00","28,777.00","28,876.00","27,983.00","2.08M","-1.72%"
"18/02/2022","28,777.00","29,223.00","29,769.00","28,380.00","2.85M","-1.53%"
"17/02/2022","29,223.00","28,281.00","29,571.00","28,281.00","3.56M","3.69%"
"16/02/2022","28,182.00","26,991.00","28,182.00","26,792.00","4.59M","4.99%"
"15/02/2022","26,842.00","27,537.00","27,586.00","26,842.00","1.47M","-1.28%"
"14/02/2022","27,189.00","26,792.00","27,487.00","26,792.00","2.00M","-0.36%"
"11/02/2022","27,288.00","27,685.00","27,685.00","26,792.00","1.91M","-0.72%"
"10/02/2022","27,487.00","27,040.00","27,537.00","26,792.00","2.04M","1.65%"
"09/02/2022","27,040.00","27,685.00","27,834.00","26,892.00","2.31M","-1.80%"
"08/02/2022","27,537.00","27,487.00","27,983.00","26,792.00","3.11M","0.91%"
"07/02/2022","27,288.00","26,842.00","27,288.00","26,842.00","1.83M","2.23%"
"28/01/2022","26,693.00","26,495.00","26,693.00","25,304.00","1.79M","-0.19%"
"27/01/2022","26,743.00","26,792.00","27,140.00","25,949.00","1.87M","-0.92%"
"26/01/2022","26,991.00","27,537.00","27,884.00","26,544.00","2.59M","-1.09%"
"25/01/2022","27,288.00","25,800.00","27,388.00","25,056.00","6.09M","1.29%"
"24/01/2022","26,941.00","28,727.00","28,727.00","26,941.00","2.21M","-6.86%"
"21/01/2022","28,926.00","29,025.00","29,521.00","28,777.00","2.79M","-2.18%"
"20/01/2022","29,571.00","30,017.00","30,513.00","29,075.00","3.65M","-2.29%"
"19/01/2022","30,265.00","30,265.00","30,762.00","29,769.00","5.70M","1.67%"
"18/01/2022","29,769.00","29,273.00","30,414.00","28,777.00","3.79M","0.84%"
"17/01/2022","29,521.00","29,819.00","30,067.00","28,231.00","4.10M","-1.00%"
"14/01/2022","29,819.00","30,216.00","30,365.00","29,472.00","4.11M","-1.31%"
"13/01/2022","30,216.00","28,777.00","30,216.00","28,777.00","6.64M","6.84%"
"12/01/2022","28,281.00","26,445.00","28,281.00","26,296.00","4.21M","6.94%"
"11/01/2022","26,445.00","26,991.00","27,189.00","26,296.00","2.65M","-1.84%"
"10/01/2022","26,941.00","26,941.00","27,487.00","26,296.00","3.10M","1.12%"
"07/01/2022","26,643.00","25,056.00","26,643.00","24,708.00","3.59M","6.97%"
"06/01/2022","24,907.00","24,907.00","24,907.00","24,063.00","6.08M","6.81%"
"05/01/2022","23,319.00","23,319.00","23,319.00","23,319.00","247.50K","6.94%"
"04/01/2022","21,806.00","20,442.00","21,806.00","19,846.00","35.11M","6.93%"
"31/12/2021","20,392.00","21,285.00","21,384.00","20,392.00","3.10M","-3.07%"
"30/12/2021","21,037.00","21,186.00","21,533.00","20,987.00","2.07M","-0.24%"
"29/12/2021","21,087.00","21,930.00","22,079.00","21,087.00","1.39M","-3.41%"
"28/12/2021","21,831.00","22,922.00","22,922.00","21,608.00","2.50M","-1.12%"
"27/12/2021","22,079.00","21,335.00","22,674.00","21,335.00","1.78M","4.09%"
"24/12/2021","21,211.00","21,583.00","21,831.00","20,987.00","2.28M","1.07%"
"23/12/2021","20,987.00","20,838.00","21,583.00","20,838.00","1.96M","0.23%"
"22/12/2021","20,938.00","20,838.00","21,136.00","20,690.00","3.46M","0.60%"
"21/12/2021","20,814.00","21,335.00","21,632.00","20,590.00","2.49M","-1.98%"
"20/12/2021","21,235.00","21,235.00","21,533.00","20,640.00","2.80M","-0.47%"
"17/12/2021","21,335.00","23,220.00","23,245.00","21,335.00","5.46M","-1.83%"
"16/12/2021","21,732.00","21,732.00","21,732.00","21,632.00","1.79M","6.96%"
"15/12/2021","20,318.00","20,318.00","20,318.00","19,846.00","1.84M","6.92%"
"14/12/2021","19,003.00","19,003.00","19,003.00","19,003.00","316.03K","6.99%"
"13/12/2021","17,762.00","17,762.00","17,762.00","17,762.00","10.48K","6.86%"
"10/12/2021","16,621.00","16,621.00","16,621.00","16,621.00","66.91K","6.86%"
"09/12/2021","15,554.00","15,554.00","15,554.00","15,554.00","4.43K","7.00%"
"08/12/2021","14,537.00","14,537.00","14,537.00","14,537.00","10.48K","6.93%"
"07/12/2021","13,595.00","13,595.00","13,595.00","13,595.00","0.81K","6.83%"
"06/12/2021","12,726.00","12,726.00","12,726.00","12,726.00","0.40K","6.87%"