Date,Banking_Industry_Index
2020-04-10,32070.515287341736
2020-04-13,32264.534891949355
2020-04-14,31855.88704185574
2020-04-15,32435.1957636531
2020-04-16,32526.021360232287
2020-04-17,32695.91209342176
2020-04-20,32738.718538380985
2020-04-21,31944.45152080094
2020-04-22,31614.67391870022
2020-04-23,31590.2291784343
2020-04-24,31488.343618506646
2020-04-27,30666.193866023546
2020-04-28,30769.594230158986
2020-04-29,31268.52219401517
2020-05-04,31077.184997461365
2020-05-05,30874.671599022626
2020-05-06,31288.57420588329
2020-05-07,32206.74736219973
2020-05-08,33647.65524783423
2020-05-11,34266.40164693936
2020-05-12,34728.25742788691
2020-05-13,34905.31525164218
2020-05-14,34975.177007901504
2020-05-15,34696.15162710627
2020-05-18,35594.322622409796
2020-05-19,36003.6624575572
2020-05-20,36143.57513962492
2020-05-21,36934.96618776378
2020-05-22,36633.47055580237
2020-05-25,36748.75339304414
2020-05-26,37560.25130184368
2020-05-27,37198.927855964204
2020-05-28,37822.44601354997
2020-05-29,37894.45095674801
2020-06-01,38729.23858566306
2020-06-02,38596.68847539111
2020-06-03,39150.74538444451
2020-06-04,39646.605559610325
2020-06-05,39699.86418541554
2020-06-08,40208.36531748803
2020-06-09,40033.083037952594
2020-06-10,40213.71874147177
2020-06-11,38878.20421968712
2020-06-12,38566.014142576074
2020-06-15,36799.72465728429
2020-06-16,37632.36635198172
2020-06-17,37637.30582140704
2020-06-18,37875.025179291086
2020-06-19,38247.136392917215
2020-06-22,38303.421818773204
2020-06-23,38320.184201758006
2020-06-24,37804.78220337639
2020-06-25,37397.31477088821
2020-06-26,37269.274773109515
2020-06-29,36316.39017151653
2020-06-30,35801.98508472694
2020-07-01,36847.8635872497
2020-07-02,36777.63893551867
2020-07-03,36917.54163440485
2020-07-06,37206.04086170787
2020-07-07,37482.17168866817
2020-07-08,37361.6586384984
2020-07-09,37896.60444102434
2020-07-10,37494.431679782945
2020-07-13,37514.83763922825
2020-07-14,37515.46733808269
2020-07-15,37767.589705835686
2020-07-16,37839.87101196332
2020-07-17,37612.01288991845
2020-07-20,37246.29496794974
2020-07-21,37346.07597816775
2020-07-22,37118.47934185892
2020-07-23,37097.31014501952
2020-07-24,36122.55155174056
2020-07-27,34090.61961571415
2020-07-28,35145.70160489322
2020-07-29,34485.2044362644
2020-07-30,34633.60579443404
2020-07-31,34165.28980976105
2020-08-03,35112.78452067401
2020-08-04,36213.06316044173
2020-08-05,36747.76789182242
2020-08-06,36621.51114381367
2020-08-07,36659.44240154857
2020-08-10,36418.8419818805
2020-08-11,36596.544239678864
2020-08-12,36777.61629565577
2020-08-13,37180.023877447406
2020-08-14,36770.424489893056
2020-08-17,36855.01957128804
2020-08-18,36760.21425681465
2020-08-19,37033.4912425031
2020-08-20,36950.307350141215
2020-08-21,37214.13713943452
2020-08-24,37745.73702440263
2020-08-25,37826.587091835114
2020-08-26,37647.51477723479
2020-08-27,37623.142615745885
2020-08-28,37923.09111319138
2020-08-31,37895.89070462984
2020-09-01,38087.09584933203
2020-09-03,39173.76706835274
2020-09-04,38751.924605718275
2020-09-07,37905.244819598265
2020-09-08,37737.36915637991
2020-09-09,37563.897262240986
2020-09-10,37529.72388776061
2020-09-11,37596.78080474724
2020-09-14,37857.88902040428
2020-09-15,37699.64837368706
2020-09-16,37770.22956954273
2020-09-17,37642.29177878971
2020-09-18,38009.28768048107
2020-09-21,38095.74672516105
2020-09-22,38396.32083663885
2020-09-23,38959.040567384895
2020-09-24,39105.39792783931
2020-09-25,39077.19633722591
2020-09-28,39358.18661822105
2020-09-29,38717.39612778854
2020-09-30,38601.064601117
2020-10-01,38870.92809396122
2020-10-02,38595.149486719776
2020-10-05,38506.5686304065
2020-10-06,38583.24603893632
2020-10-07,38774.33211214419
2020-10-08,38661.456598863966
2020-10-09,38706.72134674579
2020-10-12,39270.83040570559
2020-10-13,39692.16638054137
2020-10-14,40603.70402056294
2020-10-15,40624.95864722495
2020-10-16,40618.604082442165
2020-10-19,40567.83798115064
2020-10-20,40802.10146844159
2020-10-21,40256.925633865394
2020-10-22,40626.260055373976
2020-10-23,40854.45747945293
2020-10-26,39857.6744470536
2020-10-27,39800.11583632152
2020-10-28,38799.01019261892
2020-10-29,38355.72656919367
2020-10-30,38077.19254752007
2020-11-02,39147.206590930735
2020-11-03,39072.325026973
2020-11-04,39209.513357185926
2020-11-05,38998.560081553645
2020-11-06,38947.753287532134
2020-11-09,39293.315342081056
2020-11-10,39154.2455803954
2020-11-11,39078.75724304256
2020-11-12,39684.835632913404
2020-11-13,40197.80322168629
2020-11-16,39776.30117094533
2020-11-17,40538.50187779647
2020-11-18,40537.35160013328
2020-11-19,41415.7811252499
2020-11-20,42185.57119046108
2020-11-23,41894.031472725546
2020-11-24,42068.181027671126
2020-11-25,42510.54060943103
2020-11-26,42982.98685939137
2020-11-27,43156.36256465586
2020-11-30,42621.585771745005
2020-12-01,42470.85586424651
2020-12-02,42987.37207580998
2020-12-03,42969.31830038397
2020-12-04,42347.08356551265
2020-12-07,43172.366686764195
2020-12-08,43126.46316678831
2020-12-09,44406.57507139911
2020-12-10,44483.055923745764
2020-12-11,44936.67377034875
2020-12-14,46018.90362390125
2020-12-15,45263.0076040047
2020-12-16,46446.63677847238
2020-12-17,45104.61706041951
2020-12-18,46303.42309919716
2020-12-21,46678.694396756895
2020-12-22,46252.598828261354
2020-12-23,45964.370740646715
2020-12-24,45551.95354218894
2020-12-25,46159.931640116774
2020-12-28,46377.79307587345
2020-12-29,46851.326799257455
2020-12-30,46464.802241931895
2020-12-31,46837.291213943456
2021-01-04,47623.14094580014
2021-01-05,47735.84126312951
2021-01-06,49905.30740805383
2021-01-07,50885.64945260687
2021-01-08,50370.08702122933
2021-01-11,50157.774902421224
2021-01-12,50499.38065639578
2021-01-13,50231.731540951354
2021-01-14,50206.03287135468
2021-01-15,50231.63855551677
2021-01-18,49985.37478659601
2021-01-19,47391.54698695777
2021-01-20,47519.63893313871
2021-01-21,49343.91821073843
2021-01-22,49225.196211880815
2021-01-25,48777.207515152484
2021-01-26,47616.810152952756
2021-01-27,45822.00366436074
2021-01-28,42639.04972789008
2021-01-29,43787.06676371657
2021-02-01,43213.28592485641
2021-02-02,45443.13677291912
2021-02-03,46795.13369641101
2021-02-04,46780.13369323771
2021-02-05,47529.54212547203
2021-02-08,45056.42134912576
2021-02-09,46454.00500190398
2021-02-17,48086.47375765558
2021-02-18,48980.98920524863
2021-02-19,48921.13268254372
2021-02-22,48635.14294973504
2021-02-23,48731.73114825628
2021-02-24,47944.89566924761
2021-02-25,47955.506673436365
2021-02-26,48096.5227953543
2021-03-01,48764.29214927173
2021-03-02,48771.60147399486
2021-03-03,48540.21822263828
2021-03-04,47762.12599324089
2021-03-05,47442.23077777425
2021-03-08,47047.721462571004
2021-03-09,46805.5281201409
2021-03-10,47116.72512058516
2021-03-11,47781.499175737
2021-03-12,47595.6966014026
2021-03-15,47748.66614889094
2021-03-16,47387.2630985625
2021-03-17,47812.79815631645
2021-03-18,49014.12718322598
2021-03-19,48040.063980738116
2021-03-22,48748.51932853108
2021-03-23,48025.78040094564
2021-03-24,47054.83736632501
2021-03-25,47241.126287563864
2021-03-26,47120.49623092057
2021-03-29,47497.605784120846
2021-03-30,47523.39763192968
2021-03-31,47550.851278837305
2021-04-01,48598.19496398312
2021-04-02,49121.87398771936
2021-04-05,50625.98174324882
2021-04-06,50923.55936756259
2021-04-07,50920.53153143147
2021-04-08,50115.48839923207
2021-04-09,49245.16390695904
2021-04-12,49916.572287627336
2021-04-13,49073.13172579571
2021-04-14,49607.14265144544
2021-04-15,48858.57262796306
2021-04-16,48222.229869418974
2021-04-19,49281.344613334186
2021-04-20,50514.0112977184
2021-04-22,49520.84657680958
2021-04-23,50427.934286643605
2021-04-26,48199.68937343319
2021-04-27,48296.411782439
2021-04-28,48460.04660219593
2021-04-29,49109.666612191795
2021-05-04,49580.62068511409
2021-05-05,50752.026010694004
2021-05-06,50202.13429140355
2021-05-07,49531.15738266747
2021-05-10,50362.636249325675
2021-05-11,50138.043798591054
2021-05-12,50516.48585266398
2021-05-13,50336.89929314886
2021-05-14,50489.82596150796
2021-05-17,49981.09693301177
2021-05-18,49507.50122409799
2021-05-19,49882.59705121696
2021-05-20,51601.68926474789
2021-05-21,51420.42148795735
2021-05-24,52169.56627423604
2021-05-25,53153.22273347507
2021-05-26,53670.535008567895
2021-05-27,52537.435884396924
2021-05-28,53518.551526354204
2021-05-31,53818.382052644934
2021-06-01,55081.19774061499
2021-06-02,55571.326971408635
2021-06-03,56673.46019817218
2021-06-04,56218.477537841536
2021-06-07,54618.83337194174
2021-06-08,52452.85832830896
2021-06-09,53608.626211404815
2021-06-10,53039.17421619649
2021-06-11,54428.001086059725
2021-06-14,54104.73328308952
2021-06-15,54232.70112572589
2021-06-16,54172.30097896107
2021-06-17,54331.90684479422
2021-06-18,55892.087300479165
2021-06-21,54960.70134864977
2021-06-22,55619.221771967124
2021-06-23,56421.81176181259
2021-06-24,56748.112645574845
2021-06-25,57524.63927664774
2021-06-28,58176.32306905088
2021-06-29,58538.881589344084
2021-06-30,59029.30879319646
2021-07-01,59098.07601386729
2021-07-02,58803.00277345858
2021-07-05,58818.083680544536
2021-07-06,56689.1136681687
2021-07-07,58095.41306762288
2021-07-08,57361.87992891823
2021-07-09,56694.76837733633
2021-07-12,54463.49115127091
2021-07-13,53428.97201234411
2021-07-14,52320.06747850094
2021-07-15,52953.72907054232
2021-07-16,52774.05217291277
2021-07-19,49607.857343001306
2021-07-20,51214.86200932948
2021-07-21,50881.37136975216
2021-07-22,51566.77579887665
2021-07-23,50014.12527290326
2021-07-26,49506.079759147025
2021-07-27,49427.928055881704
2021-07-28,50138.95996334846
2021-07-29,50849.20308285469
2021-07-30,51094.84078713547
2021-08-02,50866.10882810269
2021-08-03,51774.03538460319
2021-08-04,51683.544886237425
2021-08-05,52076.76697950053
2021-08-06,51538.382444546696
2021-08-09,51827.61709849903
2021-08-10,52019.695593088574
2021-08-11,52382.145066321835
2021-08-12,52110.405228794465
2021-08-13,52006.8203162187
2021-08-16,52946.0596119062
2021-08-17,52845.159931615526
2021-08-18,52698.551404975726
2021-08-19,53206.58336638848
2021-08-20,51360.4055286707
2021-08-23,49962.33600022213
2021-08-24,49929.59678942025
2021-08-25,50018.93125535494
2021-08-26,49357.448604544166
2021-08-27,49613.480718275
2021-08-30,50563.04113540444
2021-08-31,50285.18307999874
2021-09-01,50301.804268079846
2021-09-06,50629.89810554375
2021-09-07,50949.823697363
2021-09-08,50611.37076444642
2021-09-09,50647.69382397742
2021-09-10,50560.77230508045
2021-09-13,50007.17003617555
2021-09-14,49799.38957652398
2021-09-15,49423.13617475328
2021-09-16,50027.649428807155
2021-09-17,49980.10489321867
2021-09-20,50862.67330942786
2021-09-21,50228.05459730905
2021-09-22,50655.26259559547
2021-09-23,50616.64888617396
2021-09-24,50806.137297305875
2021-09-27,49975.67245343192
2021-09-28,50475.64770332879
2021-09-29,50072.826100339546
2021-09-30,49653.84364706629
2021-10-01,48939.98270158348
2021-10-04,48275.89340113605
2021-10-05,48899.7350767937
2021-10-06,49074.17030987211
2021-10-07,49367.029207787265
2021-10-08,49559.369340430945
2021-10-11,50523.07560927236
2021-10-12,50377.477262558314
2021-10-13,50203.38941309936
2021-10-14,50050.931466378956
2021-10-15,49997.576782597665
2021-10-18,49793.87281756736
2021-10-19,49994.497813600734
2021-10-20,49562.8699393901
2021-10-21,49116.36626550948
2021-10-22,49068.03862612256
2021-10-25,48793.33025259417
2021-10-26,48811.839332973694
2021-10-27,49845.73909101006
2021-10-28,50455.794549074984
2021-10-29,50740.906068130615
2021-11-01,50591.28901247105
2021-11-02,50911.82789563038
2021-11-03,51798.77772268588
2021-11-04,51709.89871560943
2021-11-05,51329.475820296386
2021-11-08,51523.535260844736
2021-11-09,51047.53330768255
2021-11-10,51034.48818186145
2021-11-11,51047.5714117983
2021-11-12,51389.66541348015
2021-11-15,51078.2990773649
2021-11-16,50919.59532811856
2021-11-17,51290.955656395774
2021-11-18,50975.023709262845
2021-11-19,51211.650954368044
2021-11-22,52362.1345912798
2021-11-23,52153.69921222988
2021-11-24,54874.72634785645
2021-11-25,55317.34990797449
2021-11-26,54387.065115190555
2021-11-29,52776.9570851712
2021-11-30,51851.07601148733
2021-12-01,52073.139144162735
2021-12-02,51912.823364960495
2021-12-03,50822.645355091554
2021-12-06,49649.69037381399
2021-12-07,51036.84777314124
2021-12-08,51316.98708072859
2021-12-09,51656.39346936185
2021-12-10,51905.01050201505
2021-12-13,51892.023138070006
2021-12-14,51725.59534636499
2021-12-15,51855.99971440359
2021-12-16,51583.10447751722
2021-12-17,50881.8909577
2021-12-20,51561.64194142101
2021-12-21,51155.74577634627
2021-12-22,51068.88661504776
2021-12-23,50782.7333164091
2021-12-24,52069.244124646975
2021-12-27,52696.564595563745
2021-12-28,52892.84866880335
2021-12-29,52734.446184114495
2021-12-30,52341.54127185607
2021-12-31,52988.98835718593
2022-01-04,53414.35955002698
2022-01-05,52866.58196299939
2022-01-06,53228.104274426434
2022-01-07,53556.453371624404
2022-01-10,53222.2855615143
2022-01-11,53194.208739250476
2022-01-12,54558.80200552154
2022-01-13,55866.576888903
2022-01-14,56418.26318027481
2022-01-17,57111.01815441247
2022-01-18,57876.97608605972
2022-01-19,57194.97143718466
2022-01-20,58167.80804429918
2022-01-21,59461.54801193158
2022-01-24,60944.39080696855
2022-01-25,62926.680573096826
2022-01-26,62500.2558467934
2022-01-27,60842.89420239267
2022-01-28,60348.736715006504
2022-02-07,61453.12442166726
2022-02-08,61473.46206010218
2022-02-09,61118.61335004601
2022-02-10,61415.8033985974
2022-02-11,60863.946939358364
2022-02-14,57856.44606670263
2022-02-15,58687.49920667661
2022-02-16,58400.1833402088
2022-02-17,58938.67086281852
2022-02-18,58380.93136483357
2022-02-21,58517.25764287754
2022-02-22,58615.29003585823
2022-02-23,58656.1795925491
2022-02-24,57476.659715038244
2022-02-25,57430.101780217694
2022-02-28,56906.31556500492
2022-03-01,57146.52175610066
2022-03-02,56310.52788055723
2022-03-03,56789.80548027798
2022-03-04,56708.55908355282
2022-03-07,56236.83567416622
2022-03-08,54645.84386126361
2022-03-09,54988.04382318408
2022-03-10,55333.33148224543
2022-03-11,55631.8655031257
2022-03-14,55579.913051756426
2022-03-15,54570.41229333926
2022-03-16,55130.37238599943
2022-03-17,55809.834036746746
2022-03-18,56377.99003585822
2022-03-21,56680.8706755942
2022-03-22,56737.7934471488
2022-03-23,56620.93016850189
2022-03-24,55925.30947862787
2022-03-25,55524.58271189668
2022-03-28,54966.18538380986
2022-03-29,55025.03601370863
2022-03-30,55393.762180687336
2022-03-31,55574.72638593597
2022-04-01,56249.49187636848
2022-04-04,55995.4887665408
2022-04-05,50902.77346967918
2022-04-06,51692.93327832958
2022-04-07,51022.31699140038
2022-04-08,50603.60867419795
2022-04-12,49741.90777615587
2022-04-13,49942.4372370133
2022-04-14,49230.38217243677
2022-04-15,47843.75208009393
2022-04-18,46298.35101228065
2022-04-19,45966.65936756259
2022-04-20,46106.29182956241
2022-04-21,46386.197131342626
2022-04-22,47747.59941690732
2022-04-25,46170.35193174246
2022-04-26,46182.85791578079
2022-04-27,46231.412860565484
2022-04-28,46205.8091438454
2022-04-29,45521.27392901343
2022-05-04,44719.160956589345
2022-05-05,45466.011147780286
2022-05-06,44368.6136649954
2022-05-09,42600.816628851586
2022-05-10,43601.3318543141
2022-05-11,43948.383268809695
2022-05-12,41751.81823612478
2022-05-13,39492.45352473582
2022-05-16,39900.67615587218
2022-05-17,41586.567352362516
2022-05-18,41728.63160441722
2022-05-19,41777.78251277251
2022-05-20,41501.565778408905
2022-05-23,40699.821980611174
2022-05-24,41403.71032907054
2022-05-25,42465.79771205535
2022-05-26,42373.621659315206
2022-05-27,42818.02409085139
2022-05-30,43185.68082220036
2022-05-31,43367.268651032915
2022-06-01,43780.31572128963
2022-06-02,43118.17501903976
2022-06-03,42545.85049582712
2022-06-06,43130.63631755149
2022-06-07,43475.184504014214
2022-06-08,43293.34405959445
2022-06-09,42886.102844857676
2022-06-10,42706.68043981849
2022-06-13,41263.44387237014
2022-06-14,41468.59076730239
2022-06-15,41093.33955193095
2022-06-16,42067.14161774506
2022-06-17,40453.352226065435
2022-06-20,39633.41986085108
2022-06-21,40382.07256687716
2022-06-22,40294.770905657984
2022-06-23,40805.73587091042
2022-06-24,40382.680730968175
2022-06-27,40605.75096785454
2022-06-28,41764.19769301559
2022-06-29,41750.658663884744
2022-06-30,40962.26633294196
2022-07-01,41153.99453241519
2022-07-04,41219.799244756134
2022-07-05,41738.1860160886
2022-07-06,40999.08883952654
2022-07-07,42103.058383048265
2022-07-08,41294.75123361788
2022-07-11,40159.5850323676
2022-07-12,40610.39342096912
2022-07-13,40658.702800431565
2022-07-14,40927.44988972805
2022-07-15,40853.36403785739
2022-07-18,40716.32420271
2022-07-19,40420.29264747881
2022-07-20,41066.96141354362
2022-07-21,41235.59548281662
2022-07-22,41010.50922476438
2022-07-25,41010.855174055156
2022-07-26,41315.03056675023
2022-07-27,41715.92891425761
2022-07-28,42219.183744010414
2022-07-29,42203.95313918066
2022-08-01,43628.03619061974
2022-08-02,44112.139948592645
2022-08-03,44508.77692142925
2022-08-04,45484.32193618507
2022-08-05,45292.539531304545
2022-08-08,45390.374824675535
2022-08-09,44959.80515660203
2022-08-10,44704.98506965379
2022-08-11,44941.47485878844
2022-08-12,45215.66616396408
2022-08-15,45774.37326103513
2022-08-16,45532.25522800114
2022-08-17,45515.82626138419
2022-08-18,45358.588376225685
2022-08-19,45030.76993463015
2022-08-22,44512.538571383244
2022-08-23,44783.30947545457
2022-08-24,45436.40557071685
2022-08-25,45586.01276853998
2022-08-26,45716.807189096566
2022-08-29,45437.09787706661
2022-08-30,46802.052176879384
2022-08-31,46207.90345888999
2022-09-05,45559.22105400946
2022-09-06,45741.5159918129
2022-09-07,44124.32204249041
2022-09-08,43174.930534223975
2022-09-09,43513.55561752293
2022-09-12,43590.12109050234
2022-09-13,43440.96587440104
2022-09-14,43131.12323406214
2022-09-15,43224.57809634119
2022-09-16,43216.35765239742
2022-09-19,42285.65795148034
2022-09-20,42683.58926157458
2022-09-21,42356.05786421477
2022-09-22,42124.92113254848
2022-09-23,41243.48465474566
2022-09-26,40276.9911949037
2022-09-27,40142.21499301875
2022-09-28,40251.643590740336
2022-09-29,39776.20241249643
2022-09-30,39615.73351949989
2022-10-03,37679.24003823818
2022-10-04,37705.701390695904
2022-10-05,38155.151376416085
2022-10-06,37194.42114524165
2022-10-07,35160.297838193765
2022-10-10,34698.07905070923
2022-10-11,32924.21741582839
2022-10-12,34324.30111541269
2022-10-13,35756.101282803924
2022-10-14,36509.14126392283
2022-10-17,35735.478961857014
2022-10-18,36304.39419287279
2022-10-19,36412.88146003237
2022-10-20,36742.79500999587
2022-10-21,35676.132987179895
2022-10-24,34906.245125821086
2022-10-25,35967.28371148415
2022-10-26,36076.766522546255
2022-10-27,37549.96180941199
2022-10-28,37762.594726779425
2022-10-31,38619.68659521467
2022-11-01,39183.55468140133
2022-11-02,38528.48174562879
2022-11-03,38230.928028115384
2022-11-04,37994.371675181676
2022-11-07,37476.966489226674
2022-11-08,38167.21954034843
2022-11-09,38928.7832584965
2022-11-10,37697.95741995367
2022-11-11,38943.528737346496
2022-11-14,38674.5895638308
2022-11-15,37814.80588963285
2022-11-16,38744.72131421953
2022-11-17,39401.66042030274
2022-11-18,39372.94129248247
2022-11-21,38656.29897819948
2022-11-22,38255.504822612886
2022-11-23,36846.1631969346
2022-11-24,36828.39863945039
2022-11-25,36289.78251197919
2022-11-28,37811.34784057373
2022-11-29,39087.336476216165
2022-11-30,39539.431324374076
2022-12-01,38908.95417764098
2022-12-02,41296.57443832705
2022-12-05,41430.71505251802
2022-12-06,39009.30029273633
2022-12-07,38473.980386665826
2022-12-08,38264.004487830425
2022-12-09,38438.35346047663
2022-12-12,37886.40271951258
2022-12-13,38475.82932519913
2022-12-14,38660.328811918895
2022-12-15,39083.35869006442
2022-12-16,39066.26771173801
2022-12-19,38789.82339114017
2022-12-20,38568.854090375404
2022-12-21,38422.52350141212
2022-12-22,38712.37209167646
2022-12-23,38627.206419572874
2022-12-26,38084.26031875734
2022-12-27,38480.77390283375
2022-12-28,39126.84727096754
2022-12-29,39041.23909101006
2022-12-30,38618.88054691715
2023-01-03,40132.059473867936
2023-01-04,40195.86635912164
2023-01-05,40623.347176562056
2023-01-06,40773.99423095231
2023-01-09,41694.52192190524
2023-01-10,41760.89947878654
2023-01-11,41140.718919969535
2023-01-12,41058.759292196875
2023-01-13,41456.51944673627
2023-01-16,42527.40036413544
2023-01-17,43469.28830641323
2023-01-18,43725.87358312443
2023-01-19,44871.39455224828
2023-01-27,44568.27882857868
2023-01-30,43409.83665471394
2023-01-31,44326.62014248088
2023-02-01,42735.204374385175
2023-02-02,43287.60042522134
2023-02-03,43974.241594738676
2023-02-06,45373.652867070734
2023-02-07,43738.95257354108
2023-02-08,44688.46275505347
2023-02-09,44120.19324326469
2023-02-10,44373.66610843144
2023-02-13,44213.56391806556
2023-02-14,43689.64678307365
2023-02-15,44019.4859684892
2023-02-16,44140.96006568718
2023-02-17,44422.23511328658
2023-02-20,45120.70014279821
2023-02-21,44988.94187716181
2023-02-22,44190.09847761242
2023-02-23,44405.57825183258
2023-02-24,44137.85897566084
2023-02-27,43705.62832085172
2023-02-28,43851.44484736458
2023-03-01,44125.9715403167
2023-03-02,44205.158362421855
2023-03-03,43339.89654190334
2023-03-06,43478.906872560525
2023-03-07,44020.70326373243
2023-03-08,44363.323967092954
2023-03-09,44626.25747072636
2023-03-10,44182.15729064196
2023-03-13,43823.49828800812
2023-03-14,43389.06116364676
2023-03-15,43956.51910481389
2023-03-16,43607.38680068543
2023-03-17,42967.61432424714
2023-03-20,41385.6810982769
2023-03-21,41892.73466743884
2023-03-22,42829.53654285533
2023-03-23,43379.02754656809
2023-03-24,42798.20744058008
2023-03-27,43564.68076666773
2023-03-28,43928.26866134611
2023-03-29,44191.07875162632
2023-03-30,44293.848743375755
2023-03-31,43951.13668803351
2023-04-03,44576.33943848571
2023-04-04,44308.19605797608
2023-04-05,44323.73014073558
2023-04-06,44022.646701361344
2023-04-07,43582.03945355885
2023-04-10,43150.44792625266
2023-04-11,42911.80965553899
2023-04-12,42948.49056897154
2023-04-13,42930.30963173928
2023-04-14,42762.71677799638
2023-04-17,42892.91738171548
2023-04-18,42661.27195363818
2023-04-19,42721.45934455623
2023-04-20,42685.45503443024
2023-04-21,42328.81998540286
2023-04-24,42506.255531844006
2023-04-25,42519.241862881994
2023-04-26,43022.70304953511
2023-04-27,43177.402556881294
2023-04-28,43327.43403912672
2023-05-04,42576.07750452195
2023-05-05,42861.685245771594
2023-05-08,44147.14853711167
2023-05-09,43988.60576428775
2023-05-10,43929.468517754576
2023-05-11,43605.3279368832
2023-05-12,44221.611991876365
2023-05-15,43870.46847570844
2023-05-16,44142.539666962846
2023-05-17,44044.00764287755
2023-05-18,44804.52360216419
2023-05-19,44557.828124900836
2023-05-22,44275.20820851713
2023-05-23,44073.08569003269
2023-05-24,43883.39701948402
2023-05-25,44079.33532907055
2023-05-26,43677.77950290356
2023-05-29,44180.08900136452
2023-05-30,44625.890185003016
2023-05-31,44454.821516517
2023-06-01,44443.504736933966
2023-06-02,45197.79421587917
2023-06-05,46199.8937898645
2023-06-06,46643.05842271444
2023-06-07,45945.424557325554
2023-06-08,46679.855861866534
2023-06-09,46846.242321422906
2023-06-12,47074.63020658141
2023-06-13,47648.56150080919
2023-06-14,47669.28110065687
2023-06-15,47981.42470409039
2023-06-16,48365.70069733126
2023-06-19,47209.201883349735
2023-06-20,46754.04340113604
2023-06-21,46808.1521197601
2023-06-22,47070.7563664202
2023-06-23,46977.828297052016
2023-06-26,47040.43551470822
2023-06-27,47020.05886459557
2023-06-28,47694.97219956844
2023-06-29,47735.71300098373
2023-06-30,46868.962207660334
2023-07-03,46970.86295735093
2023-07-04,46940.775509313615
2023-07-05,47651.764525751285
2023-07-06,47099.23911560309
2023-07-07,48596.129095135344
2023-07-10,48303.85811569829
2023-07-11,48463.52727604481
2023-07-12,48726.06143258338
2023-07-13,49076.56908022086
2023-07-14,49102.19966521754
2023-07-17,48921.357925300676
2023-07-18,48882.96158331482
2023-07-19,49518.070147240825
2023-07-20,48972.01556103831
2023-07-21,49099.91101450196
2023-07-24,49019.869764065625
2023-07-25,50356.41510011742
2023-07-26,51011.29236902231
2023-07-27,50545.860962142615
2023-07-28,50744.23712594803
2023-07-31,50404.91776965062
2023-08-01,50429.621844159556
2023-08-02,50763.13570113922
2023-08-03,50284.53754085615
2023-08-04,50108.49478469203
2023-08-07,50759.339903373206
2023-08-08,50651.861592834706
2023-08-09,50377.53132834069
2023-08-10,49302.270089328216
2023-08-11,50132.15534065307
2023-08-14,49770.80593723226
2023-08-15,49680.14568987403
2023-08-16,49958.04628883318
2023-08-17,49953.36966886681
2023-08-18,49067.44322263828
2023-08-21,49591.85287421065
2023-08-22,49052.64404214133
2023-08-23,48188.98978278806
2023-08-24,48604.37723955193
2023-08-25,48101.54736061309
2023-08-28,48471.37663741948
2023-08-29,49074.7809419922
2023-08-30,49542.7774013899
2023-08-31,49747.29474581919
2023-09-05,50336.355561196964
2023-09-06,50370.562872465336
2023-09-07,50156.79287278266
2023-09-08,50007.30408085552
2023-09-11,49402.84574619997
2023-09-12,50170.55715101705
2023-09-13,49859.18538936313
2023-09-14,49918.76448925841
2023-09-15,50152.5161814172
2023-09-18,49436.1762074382
2023-09-19,49068.23552978136
2023-09-20,49147.203434296964
2023-09-21,48616.21935471075
2023-09-22,49561.92366087012
2023-09-25,49013.17489369467
2023-09-26,48083.8523641037
2023-09-27,48535.78552184813
2023-09-28,48662.6005489798
2023-09-29,48357.00241487641
2023-10-02,47875.68252705233
2023-10-03,47233.17182829309
2023-10-04,47330.91459318377
2023-10-05,46356.97339431346
2023-10-06,46900.6993724812
2023-10-09,46642.1038698315
2023-10-10,47295.29426903183
2023-10-11,47481.75624504173
2023-10-12,47304.765150096784
2023-10-13,47527.83401453369
2023-10-16,47089.651697712055
2023-10-17,46921.44088788754
2023-10-18,46628.64973265002
2023-10-19,46103.75783644846
2023-10-20,46438.42985196586
2023-10-23,46251.558953447784
2023-10-24,47039.3443832704
2023-10-25,46791.79025164218
2023-10-26,46010.77517294451
2023-10-27,46392.24799923842
2023-10-30,46361.930081236314
2023-10-31,46577.879505283534
2023-11-01,46935.329736140644
2023-11-02,47885.56362136262
2023-11-03,47885.68362104528
2023-11-06,48289.13785659886
2023-11-07,47786.50817995748
2023-11-08,48645.26969425317
2023-11-09,48040.37446609336
2023-11-10,47140.45095436805
2023-11-13,46933.39529479898
2023-11-14,47388.90970155174
2023-11-15,48272.993397169426
2023-11-16,48343.92994478469
2023-11-17,47157.27626059087
2023-11-20,47331.87426617586
2023-11-21,47610.04048884587
2023-11-22,47633.328695300355
2023-11-23,46976.40349855616
2023-11-24,47286.28081030051
2023-11-27,47007.98355995938
2023-11-28,47177.86536667407
2023-11-29,46993.580900739384
2023-11-30,46731.83797163076
2023-12-01,46953.80906292641
2023-12-04,47497.89599530353
2023-12-05,47225.34807857076
2023-12-06,47527.770840605466
2023-12-07,47445.433820962775
2023-12-08,47580.85631326755
2023-12-11,47174.6108431441
2023-12-12,47303.79751213785
2023-12-13,46963.85512328246
2023-12-14,47234.89723288802
2023-12-15,46374.69247612097
2023-12-18,45876.517072319366
2023-12-19,45922.12417097706
2023-12-20,45889.06979659189
2023-12-21,45915.72403452544
2023-12-22,46015.08290229429
2023-12-25,46587.25938501571
2023-12-26,46914.47025037286
2023-12-27,46883.22652556087
2023-12-28,46976.577634626985
2023-12-29,46166.93351949989
2024-01-02,47382.08060165647
2024-01-03,48023.048456192686
2024-01-04,48822.38311173167
2024-01-05,49183.6692476121
2024-01-08,49893.48749722337
2024-01-09,50335.68400342716
2024-01-10,51359.409418335286
2024-01-11,51095.49519246026
2024-01-12,50970.752546568096
2024-01-15,51530.64989052138
2024-01-16,51572.46361818932
2024-01-17,51860.5352870244
2024-01-18,52143.02418049694
2024-01-19,53345.023387173555
2024-01-22,53120.68665312728
2024-01-23,52816.65287341732
2024-01-24,52531.56970139308
2024-01-25,52402.1479548123
2024-01-26,52920.275632278746
2024-01-29,52609.6576650906
2024-01-30,52468.36784818964
2024-01-31,51214.47085329864
2024-02-01,51694.943785104566
2024-02-02,51758.92520547076
2024-02-05,52495.165233395746
2024-02-06,52429.36096214261
2024-02-07,52988.09754704408
2024-02-15,53014.98933773364
2024-02-16,52869.29259353283
2024-02-19,53268.42601466062
2024-02-20,53662.78707200203
2024-02-21,53759.071256306925
2024-02-22,53227.16272649383
2024-02-23,53260.090914860535
2024-02-26,53911.31382286675
2024-02-27,54586.149731856705
2024-02-28,57137.47207501667
2024-02-29,56866.59526227272
2024-03-01,56914.32948307048
2024-03-04,56501.17189731223
2024-03-05,56591.8394789452
2024-03-06,56615.41824009139
2024-03-07,56436.32056611557
2024-03-08,55409.42620505824
2024-03-11,54767.70442357123
2024-03-12,55254.23596610923
2024-03-13,56197.94121473678
2024-03-14,55475.655332719834
2024-03-15,55255.836083521084
2024-03-18,54454.12156887634
2024-03-19,54214.04366451941
2024-03-20,55116.46119061974
2024-03-21,56236.782312061696
2024-03-22,57029.663662615436
2024-03-25,56368.20121854474
2024-03-26,56816.74772316187
2024-03-27,56567.98153143148
2024-03-28,56789.82275568813
2024-03-29,56328.43935836005
2024-04-01,56299.51121759274
2024-04-02,56005.51216958081
2024-04-03,55319.74685050614
2024-04-04,55981.083283089516
2024-04-05,55272.92082632565
2024-04-08,55454.25135658301
2024-04-09,55721.703503316094
2024-04-10,55558.79676641387
2024-04-11,55490.59829276806
2024-04-12,56395.92631612351
2024-04-15,54069.515771269
2024-04-16,54011.23607717451
2024-04-17,53124.503633421125
2024-04-19,52923.951956335484
2024-04-22,53402.73817154825
2024-04-23,52985.06032431061
2024-04-24,53617.77439469426
2024-04-25,53621.48960746359
2024-04-26,53635.299463713396
2024-05-02,53863.63162821693
2024-05-03,54202.49693777171
2024-05-06,54790.089264747876
2024-05-07,54558.908291816086
2024-05-08,54536.41154444198
2024-05-09,54373.68790657825
2024-05-10,54101.389759781676
2024-05-13,53556.23986926031
2024-05-14,53304.552787738394
2024-05-15,53565.6089709009
2024-05-16,54657.19680766668
2024-05-17,54269.822898486345
2024-05-20,54403.71438771301
2024-05-21,54036.399120997696
2024-05-22,53648.857709516706
2024-05-23,53772.497842160396
2024-05-24,53256.87157680957
2024-05-27,53200.11071621236
2024-05-28,53435.89150509314
2024-05-29,52864.222368546325
2024-05-30,52263.82873734649
2024-05-31,51654.21718021134
2024-06-03,52274.770856471936
2024-06-04,52570.126455748425
2024-06-05,52515.302827404565
2024-06-06,52716.43734331864
2024-06-07,52626.13569003269
2024-06-10,52535.702313331014
2024-06-11,52158.04169707739
2024-06-12,52924.974899247936
2024-06-13,52990.932504045944
2024-06-14,52267.61254085616
2024-06-17,51923.010709865775
2024-06-18,51874.015057277946
2024-06-19,51609.954844032625
2024-06-20,51329.29121315013
2024-06-21,51295.38089042617
2024-06-24,50783.088709421514
2024-06-25,50648.98086503983
2024-06-26,50524.86989496399
2024-06-27,50377.51055120109
2024-06-28,50148.33649604925
2024-07-01,50675.70031415606
2024-07-02,51885.35709072447
2024-07-03,52351.18295624028
2024-07-04,52158.63078729413
2024-07-05,52222.7027575921
2024-07-08,51835.61825278457
2024-07-09,52304.60984355663
2024-07-10,52335.49541459081
2024-07-11,52024.2342525307
2024-07-12,51759.17938628503
2024-07-15,51711.25903595342
2024-07-16,52081.12083901882
2024-07-17,52579.79414844667
2024-07-18,52771.643020340816
2024-07-19,52447.57874527972
2024-07-22,52582.09337416305
2024-07-23,51814.524831022114
2024-07-24,51795.75451401009
2024-07-25,51561.619157173234
2024-07-26,51716.03076508108
2024-07-29,51841.42858502841
2024-07-30,51922.7031066544
2024-07-31,52735.915780788884
2024-08-01,52956.35764605084
2024-08-02,52476.11476216166
2024-08-05,51034.94848157903
2024-08-06,51400.301573953606
2024-08-07,51360.36899057532
2024-08-08,50970.79430711136
2024-08-09,51521.14213181862
2024-08-12,51654.67038999778
2024-08-13,52256.16528099514
2024-08-14,51750.24104337893
2024-08-15,51518.99458953448
2024-08-16,52074.25573572811
2024-08-19,52497.83878082062
2024-08-20,53562.72773141243
2024-08-21,54791.350046012754
2024-08-22,54672.850855202625
2024-08-23,54783.51405769049
2024-08-26,54531.72649382795
2024-08-27,54301.96209500841
2024-08-28,54234.548122996865
2024-08-29,54374.59740424587
2024-08-30,54447.29763906959
2024-09-04,54131.356868593924
2024-09-05,53625.20474090058
2024-09-06,53844.99111477804
2024-09-09,53769.116063212015
2024-09-10,53062.568194078645
2024-09-11,52793.2903404944
2024-09-12,53269.421508583764
2024-09-13,53357.12169580808
2024-09-16,52862.83655951512
2024-09-17,53791.76233617873
2024-09-18,54211.39272681116
2024-09-19,54512.63110462349
2024-09-20,54223.968806524295
2024-09-23,54240.92073112683
2024-09-24,54542.15360327484
2024-09-25,55352.29736933964
2024-09-26,55342.212769333295
2024-09-27,55469.55561196967
2024-09-30,55206.19771205534
2024-10-01,55197.00767937042
2024-10-02,55442.992606226006
2024-10-03,55286.06108590106
2024-10-04,54942.72782661125
2024-10-07,54860.94646653762
2024-10-08,54675.578443816834
2024-10-09,54706.17275410149
2024-10-10,55081.23077777425
2024-10-11,54877.827293497925
2024-10-14,54821.91043378923
2024-10-15,54899.82929267287
2024-10-16,54915.727096753726
2024-10-17,55357.250864722504
2024-10-18,55385.891996953644
2024-10-21,54943.671786246945
2024-10-22,54467.92098499033
2024-10-23,54457.84887189414
2024-10-24,54300.90259575414
2024-10-25,54191.18157585759
2024-10-28,54320.810141846225
2024-10-29,54403.69293624854
2024-10-30,54318.74799289182
2024-10-31,55194.42709358043
2024-11-01,55065.952368863655
2024-11-04,54639.65195316219
2024-11-05,54525.63051756418
2024-11-06,54987.886205692885
2024-11-07,54969.46561736426
2024-11-08,54397.300986894305
2024-11-11,54083.242550693365
2024-11-12,53898.57579411671
2024-11-13,54099.41571732301
2024-11-14,53596.843112366325
2024-11-15,53191.37863738775
2024-11-18,52906.24475613239
2024-11-19,52524.305445371756
2024-11-20,52914.4207469933
2024-11-21,53304.11671373719
2024-11-22,53443.98518071907
2024-11-25,53698.1831942373
2024-11-26,54285.0286865738
2024-11-27,54384.167692698255
2024-11-28,54351.01561260433
2024-11-29,54793.52798844921
2024-12-02,55120.61649160664
2024-12-03,54578.436740392855
2024-12-04,54488.44994129408
2024-12-05,55174.03773046044
2024-12-06,55295.618808110936
2024-12-09,55768.653777805994
2024-12-10,55425.45414590804
2024-12-11,54963.04755180402
2024-12-12,55046.47859613493
2024-12-13,54879.87406784502
2024-12-16,54897.94851331197
2024-12-17,54825.389759781676
2024-12-18,54908.7106432266
2024-12-19,54466.92834703138
2024-12-20,54519.38430171676
2024-12-23,54558.409180338276
2024-12-24,54338.9577634627
2024-12-25,55002.58360041888
2024-12-26,54985.109922888965
2024-12-27,55201.037698727516
2024-12-30,54910.788563450005
2024-12-31,54359.92676038461
2025-01-02,54766.360264018025
2025-01-03,54498.345635134705
2025-01-06,54929.41401961096
2025-01-07,55108.13354805954
2025-01-08,55232.24542252405
2025-01-09,54888.13584869737
2025-01-10,54425.45060768572
2025-01-13,54787.03233586139
2025-01-14,54479.46522070258
2025-01-15,54392.52411703106
2025-01-16,54964.07593691493
2025-01-17,55065.42775997207
2025-01-20,54893.25833782884
2025-01-21,54729.091962047416
2025-01-22,54588.695935010954
2025-01-23,55396.404658394946
2025-01-24,55483.16250436328
2025-02-03,54877.76750864722
2025-02-04,55400.736204106244
2025-02-05,55625.25029352966
2025-02-06,55889.39643956463
2025-02-07,56371.892552280005
2025-02-10,55974.02897217022
2025-02-11,55976.89366293276
2025-02-12,55640.60387776474
2025-02-13,55795.05085202932
2025-02-14,55875.45021102403
2025-02-17,55656.03124107512
2025-02-18,55766.70501063054
2025-02-19,55959.635705899156
2025-02-20,56093.27618760512
2025-02-21,56730.02887697141
2025-02-24,56997.02027734586
2025-02-25,56704.52313331007
2025-02-26,56462.565845841404
2025-02-27,57079.47593056834
2025-02-28,56767.07707930061
2025-03-03,56738.28777012661
2025-03-04,56895.43839050551
2025-03-05,45031.554461650754
2025-03-06,45382.958366388484
2025-03-07,46032.33862215594
2025-03-10,46530.683932028056
2025-03-11,46618.630573096816
2025-03-12,47229.10108526639
2025-03-13,46461.891917621295
2025-03-14,46691.73753688954
2025-03-17,47249.03611208073
2025-03-18,46841.31945546283
2025-03-19,46587.51427982103
2025-03-20,46785.24418493955
2025-03-21,46410.211262018856
2025-03-24,46666.26074953194
2025-03-25,46711.02640180243
2025-03-26,46433.56273601371
2025-03-27,46158.43699425634
2025-03-28,45820.96634722179
2025-03-31,45478.364087836766
2025-04-01,45906.13754640942
2025-04-02,45942.61931583791
2025-04-03,42748.938929965414
2025-04-04,42518.12823279282
2025-04-08,39557.00187224321
2025-04-09,37659.28267699045
2025-04-10,37659.28267699045
2025-04-11,37765.689779052256
2025-04-12,38152.14766236407
2025-04-13,38686.41023317588
2025-04-14,39296.21967898768
2025-04-15,39941.7830310495
2025-04-16,40601.545601861304
2025-04-17,41264.41364142311
2025-04-18,41925.187930984925
2025-04-19,42581.97003304673
2025-04-20,43234.525572608545
2025-04-21,43883.38189342035
2025-04-22,44529.34368298216
2025-04-23,45173.18047254397
2025-04-24,45815.54460585578
2025-04-25,46456.932176667586
2025-04-26,47097.6791224794
2025-04-27,47737.996380791206
2025-04-28,48378.02457660301
2025-04-29,49017.81449116483
2025-04-30,49657.40128072663
2025-05-01,49657.40128072663
2025-05-02,50003.94319598183
2025-05-03,50184.59839248703
2025-05-04,50278.45671399223
2025-05-05,50329.13144174743
2025-05-06,50360.587419502626
2025-05-07,50385.76995975782
2025-05-08,50411.382187513016
2025-05-09,50440.513946518215
2025-05-10,50474.20820552341
2025-05-11,50512.36340202861
2025-05-12,50554.33891103381
2025-05-13,50599.28707628901
2025-05-14,50646.37586654421
2025-05-15,50694.874813049406
2025-05-16,50744.2018845546
2025-05-17,50793.943018559796
2025-05-18,50843.809152564994
2025-05-19,50893.62450532019
2025-05-20,50943.29923307539
2025-05-21,50992.78646083059
2025-05-22,51042.08618858579
2025-05-23,51091.21013509099
2025-05-24,51140.185644096186
2025-05-25,51189.032246851384
2025-05-26,51237.76947460658
2025-05-27,51286.416858611774
2025-05-28,51334.98221136697
2025-05-29,51383.46943912217
2025-05-30,51431.88635437737
2025-05-31,51480.23686338257
2025-06-01,51480.23686338257
2025-06-02,51491.48238769972
2025-06-03,51497.919318266875
2025-06-04,51501.680467584025
2025-06-05,51503.953335651175
2025-06-06,51505.409797468325
2025-06-07,51506.42094678548
2025-06-08,51507.21725235263
2025-06-09,51507.88074541978
2025-06-10,51508.47392598693
2025-06-11,51508.98898155409
2025-06-12,51509.41419337124
2025-06-13,51509.73003018839
2025-06-14,51509.893523255545
2025-06-15,51509.889047572695
2025-06-16,51509.693165639845
2025-06-17,51509.290252456994
2025-06-18,51508.66858927415
2025-06-19,51507.8125510913
2025-06-20,51506.71823165845
2025-06-21,51505.38953722561
2025-06-22,51503.81865529276
2025-06-23,51502.00558585991
2025-06-24,51499.95423517706
2025-06-25,51497.660696994215
2025-06-26,51495.128877561365
2025-06-27,51492.358776878515
2025-06-28,51489.346488695664
2025-06-29,51486.09591926282
2025-06-30,51482.60706857997
2025-07-01,51482.60706857997
2025-07-02,51438.08286003092
2025-07-03,51401.937557731864
2025-07-04,51370.17506793281
2025-07-05,51340.57664063376
2025-07-06,51311.8844633347
2025-07-07,51283.37587978565
2025-07-08,51254.668077486596
2025-07-09,51225.542306437535
2025-07-10,51195.92825413848
2025-07-11,51165.80638933943
2025-07-12,51135.207962040375
2025-07-13,51104.17984724132
2025-07-14,51072.76891994227
2025-07-15,51041.022055143214
2025-07-16,51008.97440909416
2025-07-17,50976.65723179511
2025-07-18,50944.09396074605
2025-07-19,50911.288502197
2025-07-20,50878.260387397946
2025-07-21,50845.00180384889
2025-07-22,50811.52056404984
2025-07-23,50777.812761750785
2025-07-24,50743.874490701724
2025-07-25,50709.70184465267
2025-07-26,50675.29872985362
2025-07-27,50640.657333804564
2025-07-28,50605.78156275551
2025-07-29,50570.66360420646
2025-07-30,50535.3112706574
2025-07-31,50499.71674960835
2025-08-01,50499.71674960835
2025-08-02,50487.71946936337
2025-08-03,50493.702657868394
2025-08-04,50509.178033873424
2025-08-05,50529.43856612845
2025-08-06,50551.83972338347
2025-08-07,50574.90103688849
2025-08-08,50597.821725393514
2025-08-09,50620.191632648544
2025-08-10,50641.86232115357
2025-08-11,50662.82207215859
2025-08-12,50683.12947941361
2025-08-13,50702.882199168635
2025-08-14,50722.177887673664
2025-08-15,50741.10248242869
2025-08-16,50759.73801468371
2025-08-17,50778.13135943873
2025-08-18,50796.321579193755
2025-08-19,50814.332111448784
2025-08-20,50832.17467495381
2025-08-21,50849.85317595883
2025-08-22,50867.36761446385
2025-08-23,50884.710177968875
2025-08-24,50901.876960223904
2025-08-25,50918.86796122893
2025-08-26,50935.66755598395
2025-08-27,50952.27183823897
2025-08-28,50968.684714243995
2025-08-29,50984.894465249025
2025-08-30,51000.90109125405
2025-08-31,51016.69677975907
2025-09-01,51016.69677975907
2025-09-02,50957.2289877632
2025-09-03,50901.98385201733
2025-09-04,50848.89887252146
2025-09-05,50796.84514302558
2025-09-06,50745.17813227971
2025-09-07,50693.52674653384
2025-09-08,50641.69176703797
2025-09-09,50589.5794437921
2025-09-10,50537.13899554623
2025-09-11,50484.36651605036
2025-09-12,50431.28153655448
2025-09-13,50377.89577580861
2025-09-14,50324.23657756274
2025-09-15,50270.31956681687
2025-09-16,50216.172087321
2025-09-17,50161.79413907513
2025-09-18,50107.20915957926
2025-09-19,50052.40543008338
2025-09-20,49997.39076308751
2025-09-21,49942.17297109164
2025-09-22,49886.74033534577
2025-09-23,49831.0928558499
2025-09-24,49775.23443885403
2025-09-25,49719.15336560816
2025-09-26,49662.84963611229
2025-09-27,49606.32715661641
2025-09-28,49549.57811462054
2025-09-29,49492.60251012467
2025-09-30,49435.4003431288
2025-10-01,49435.4003431288
2025-10-02,49378.99493525043
2025-10-03,49346.86296487207
2025-10-04,49327.5122444937
2025-10-05,49314.602930365334
2025-10-06,49304.61158498697
2025-10-07,49295.5733646086
2025-10-08,49286.457019230234
2025-10-09,49276.75864260187
2025-10-10,49266.2985472235
2025-10-11,49255.072826845135
2025-10-12,49243.17132521677
2025-10-13,49230.7190423384
2025-10-14,49217.844884460035
2025-10-15,49204.65822658167
2025-10-16,49191.2528187033
2025-10-17,49177.68725457493
2025-10-18,49164.01231544656
2025-10-19,49150.251438818195
2025-10-20,49136.42415593983
2025-10-21,49122.51874806146
2025-10-22,49108.546933933096
2025-10-23,49094.49308855473
2025-10-24,49080.36111817636
2025-10-25,49066.131491547996
2025-10-26,49051.80420866963
2025-10-27,49037.37145704126
2025-10-28,49022.8254241629
2025-10-29,49008.16611003453
2025-10-30,48993.37788965616
2025-10-31,48978.4685755278
2025-11-01,48978.4685755278
2025-11-02,48976.066453142295
2025-11-03,48987.160424506794
2025-11-04,49005.34033337129
2025-11-05,49027.08664848579
2025-11-06,49050.438432350296
2025-11-07,49074.325372464795
2025-11-08,49098.18106257929
2025-11-09,49121.73206519379
2025-11-10,49144.88853655829
2025-11-11,49167.64266417279
2025-11-12,49190.05304178729
2025-11-13,49212.182169401785
2025-11-14,49234.100359516284
2025-11-15,49255.86229963078
2025-11-16,49277.51877099529
2025-11-17,49299.101023609786
2025-11-18,49320.632494974285
2025-11-19,49342.11709133878
2025-11-20,49363.57043770328
2025-11-21,49384.98862781778
2025-11-22,49406.36775543228
2025-11-23,49427.70000804678
2025-11-24,49448.985385661275
2025-11-25,49470.219982025774
2025-11-26,49491.39207839028
2025-11-27,49512.50167475478
2025-11-28,49533.544864869276
2025-11-29,49554.509929983775
2025-11-30,49575.40077634827
2025-12-01,49575.40077634827
2025-12-02,49584.22212626608
2025-12-03,49597.1489449339
2025-12-04,49612.21638860171
2025-12-05,49628.34242601952
2025-12-06,49644.925494687326
2025-12-07,49661.62575085514
2025-12-08,49678.27131952295
2025-12-09,49694.77235694076
2025-12-10,49711.08589435858
2025-12-11,49727.219744276386
2025-12-12,49743.177812944195
2025-12-13,49758.98744411201
2025-12-14,49774.66426277982
2025-12-15,49790.21608144763
2025-12-16,49805.67024386545
2025-12-17,49821.022843783256
2025-12-18,49836.281693701065
2025-12-19,49851.458512368874
2025-12-20,49866.53767478669
2025-12-21,49881.5230872045
2025-12-22,49896.41084337231
2025-12-23,49911.204849540125
2025-12-24,49925.889480707934
2025-12-25,49940.47254937574
2025-12-26,49954.93452429355
2025-12-27,49969.28321796137
2025-12-28,49983.51472412918
2025-12-29,49997.61732404699
2025-12-30,50011.5988302148
2025-12-31,50025.44361763261
2026-01-01,50025.44361763261
2026-01-02,50082.67216047457
2026-01-03,50145.61164081653
2026-01-04,50211.53158990849
2026-01-05,50278.916382750445
2026-01-06,50346.9339880924
2026-01-07,50415.103937184365
2026-01-08,50483.17623002632
2026-01-09,50551.02196036828
2026-01-10,50618.594253210234
2026-01-11,50685.8892023022
2026-01-12,50752.926338894154
2026-01-13,50819.72910048611
2026-01-14,50886.32873707807
2026-01-15,50952.74868617003
2026-01-16,51019.00847901199
2026-01-17,51085.12374060394
2026-01-18,51151.10228344591
2026-01-19,51216.94801378786
2026-01-20,51282.66093162982
2026-01-21,51348.244943221776
2026-01-22,51413.69223606374
2026-01-23,51478.994997655696
2026-01-24,51544.15713424765
2026-01-25,51609.17473958961
2026-01-26,51674.03609493157
2026-01-27,51738.74120027353
2026-01-28,51803.290055615485
2026-01-29,51867.67484845744
2026-01-30,51931.891672549405
2026-01-31,51995.93662164136
2026-02-01,51995.93662164136
2026-02-02,52000.50116171986
2026-02-03,51995.233670548354
2026-02-04,51984.575554376854
2026-02-05,51971.00337570535
2026-02-06,51955.919478283846
2026-02-07,51940.132455862346
2026-02-08,51924.08762094084
2026-02-09,51908.01544226934
2026-02-10,51892.01748234784
2026-02-11,51876.09764742633
2026-02-12,51860.22859375483
2026-02-13,51844.35954008333
2026-02-14,51828.43579891182
2026-02-15,51812.39487024032
2026-02-16,51796.193785318814
2026-02-17,51779.79738789731
2026-02-18,51763.18614672581
2026-02-19,51746.336624304306
2026-02-20,51729.241008132805
2026-02-21,51711.895391961305
2026-02-22,51694.2997757898
2026-02-23,51676.4502533683
2026-02-24,51658.35073094679
2026-02-25,51640.00902102529
2026-02-26,51621.42512360379
2026-02-27,51602.59903868228
2026-02-28,51583.53857876078
2026-03-01,51583.53857876078
2026-03-02,51483.976040050955
2026-03-03,51396.54240759113
2026-03-04,51315.49940013131
2026-03-05,51237.67123642148
2026-03-06,51161.23369771166
2026-03-07,51085.16334650183
2026-03-08,51008.882057792005
2026-03-09,50932.100769082186
2026-03-10,50854.70229287236
2026-03-11,50776.659285412534
2026-03-12,50698.02643420271
2026-03-13,50618.85842674288
2026-03-14,50539.23729428306
2026-03-15,50459.217724323236
2026-03-16,50378.87002936341
2026-03-17,50298.233271903584
2026-03-18,50217.32698319376
2026-03-19,50136.18631948394
2026-03-20,50054.81518702411
2026-03-21,49973.22139831429
2026-03-22,49891.40495335446
2026-03-23,49809.358039644634
2026-03-24,49727.092375934815
2026-03-25,49644.58843097499
2026-03-26,49561.85401726516
2026-03-27,49478.88522855534
2026-03-28,49395.68597109551
2026-03-29,49312.23671363569
2026-03-30,49228.553081175865
2026-03-31,49144.62726121604
2026-04-01,49144.62726121604
2026-04-02,49023.12954848114
2026-04-03,48932.86621074625
2026-04-04,48859.028654261354
2026-04-05,48793.472347776464
2026-04-06,48731.658228791566
2026-04-07,48671.09410980667
2026-04-08,48610.45577207178
2026-04-09,48549.10259058688
2026-04-10,48486.81972160198
2026-04-11,48423.60325886709
2026-04-12,48359.574296132196
2026-04-13,48294.892989647306
2026-04-14,48229.71558941241
2026-04-15,48164.19443917751
2026-04-16,48098.43891394262
2026-04-17,48032.53885745772
2026-04-18,47966.541144722825
2026-04-19,47900.477025737935
2026-04-20,47834.37384425304
2026-04-21,47768.22769401815
2026-04-22,47702.04248128325
2026-04-23,47635.80648729835
2026-04-24,47569.51189956346
2026-04-25,47503.154811828565
2026-04-26,47436.723505343674
2026-04-27,47370.21407385878
2026-04-28,47303.61089237388
2026-04-29,47236.91786713899
2026-04-30,47170.12327940409
2026-05-01,47170.12327940409
2026-05-02,47183.80730795686
2026-05-03,47224.003055259614
2026-05-04,47278.03864631238
2026-05-05,47338.97658111514
2026-05-06,47403.0082659179
2026-05-07,47468.07510697066
2026-05-08,47533.134135523425
2026-05-09,47597.70878907618
2026-05-10,47661.65453637895
2026-05-11,47724.994814931706
2026-05-12,47787.83509348447
2026-05-13,47850.30427828723
2026-05-14,47912.535181839994
2026-05-15,47974.63327289275
2026-05-16,48036.68058269552
2026-05-17,48098.72789249828
2026-05-18,48160.82988980104
2026-05-19,48222.990480853805
2026-05-20,48285.22919690656
2026-05-21,48347.54603795933
2026-05-22,48409.941004012086
2026-05-23,48472.41018881485
2026-05-24,48534.94968611761
2026-05-25,48597.54777717037
2026-05-26,48660.20836822313
2026-05-27,48722.9236467759
2026-05-28,48785.689706578654
2026-05-29,48848.50654763142
2026-05-30,48911.37026368418
2026-05-31,48974.28085473694
2026-06-01,48974.28085473694
2026-06-02,48986.80921525586
2026-06-03,48992.53288827477
2026-06-04,48994.69015504369
2026-06-05,48995.0661718126
2026-06-06,48994.62968858152
2026-06-07,48993.927580350435
2026-06-08,48993.241097119346
2026-06-09,48992.691332638264
2026-06-10,48992.32906815718
2026-06-11,48992.14649117609
2026-06-12,48992.11235169501
2026-06-13,48992.18758721392
2026-06-14,48992.34094773284
2026-06-15,48992.52946450176
2026-06-16,48992.73360627067
2026-06-17,48992.922123039585
2026-06-18,48993.0950148085
2026-06-19,48993.224937827414
2026-06-20,48993.31970459633
2026-06-21,48993.36369011524
2026-06-22,48993.36470688416
2026-06-23,48993.30712990308
2026-06-24,48993.19877167199
2026-06-25,48993.03572594091
2026-06-26,48992.814086459824
2026-06-27,48992.533853228735
2026-06-28,48992.18330749765
2026-06-29,48991.77416801656
2026-06-30,48991.29080978548
2026-07-01,48991.29080978548
2026-07-02,48941.744309974914
2026-07-03,48901.95562266434
2026-07-04,48867.29193535377
2026-07-05,48835.2024667932
2026-07-06,48804.27706073263
2026-07-07,48773.73446717206
2026-07-08,48743.16062361149
2026-07-09,48712.371936300915
2026-07-10,48681.28637399035
2026-07-11,48649.90393667977
2026-07-12,48618.271499369206
2026-07-13,48586.42812455863
2026-07-14,48554.424593498064
2026-07-15,48522.30387493749
2026-07-16,48490.09331262692
2026-07-17,48457.816344066356
2026-07-18,48425.50031300578
2026-07-19,48393.137406945214
2026-07-20,48360.73934463464
2026-07-21,48328.30221982407
2026-07-22,48295.8182200135
2026-07-23,48263.29515770293
2026-07-24,48230.717407892356
2026-07-25,48198.08106433179
2026-07-26,48165.390033271215
2026-07-27,48132.63650221065
2026-07-28,48099.80875240007
2026-07-29,48066.910690089506
2026-07-30,48033.93840902894
2026-07-31,48000.880190468364
2026-08-01,48000.880190468364
2026-08-02,47987.27356370644
2026-08-03,47991.74506194451
2026-08-04,48005.69312268258
2026-08-05,48024.39118342066
2026-08-06,48045.237681658735
2026-08-07,48066.8146486468
2026-08-08,48088.39552188488
2026-08-09,48109.632645122954
2026-08-10,48130.42054961102
2026-08-11,48150.7748603491
2026-08-12,48170.761983587174
2026-08-13,48190.46395057524
2026-08-14,48209.98232381332
2026-08-15,48229.38741580139
2026-08-16,48248.73391403946
2026-08-17,48268.06869352754
2026-08-18,48287.41128551561
2026-08-19,48306.78903375369
2026-08-20,48326.19803199176
2026-08-21,48345.64609272983
2026-08-22,48365.12930971791
2026-08-23,48384.643776705976
2026-08-24,48404.18558744405
2026-08-25,48423.74692943213
2026-08-26,48443.3199901702
2026-08-27,48462.90867590827
2026-08-28,48482.50908039635
2026-08-29,48502.10948488442
2026-08-30,48521.70988937249
2026-08-31,48541.314200110566
2026-09-01,48541.314200110566
2026-09-02,48479.55612268709
2026-09-03,48422.29804526362
2026-09-04,48367.41106159014
2026-09-05,48313.71939041666
2026-09-06,48260.57850049319
2026-09-07,48207.636829319716
2026-09-08,48154.71078314624
2026-09-09,48101.70661197276
2026-09-10,48048.59697204929
2026-09-11,47995.38186337581
2026-09-12,47942.07300470234
2026-09-13,47888.69383352886
2026-09-14,47835.259974855384
2026-09-15,47781.79877243191
2026-09-16,47728.314132508436
2026-09-17,47674.82168008496
2026-09-18,47621.32141516148
2026-09-19,47567.82115023801
2026-09-20,47514.31307281453
2026-09-21,47460.79718289106
2026-09-22,47407.273480467586
2026-09-23,47353.738059294104
2026-09-24,47300.18701312063
2026-09-25,47246.62034194716
2026-09-26,47193.02632702368
2026-09-27,47139.41278085021
2026-09-28,47085.76407842673
2026-09-29,47032.080219753254
2026-09-30,46978.36511107978
2026-10-01,46978.36511107978
2026-10-02,46921.512993274315
2026-10-03,46887.69212546885
2026-10-04,46865.89469516338
2026-10-05,46850.08554610791
2026-10-06,46836.95217830245
2026-10-07,46824.73287299698
2026-10-08,46812.50966144151
2026-10-09,46799.88410613604
2026-10-10,46786.72339458058
2026-10-11,46773.05877677511
2026-10-12,46758.98009646964
2026-10-13,46744.604541164175
2026-10-14,46730.03757960871
2026-10-15,46715.372961803245
2026-10-16,46700.67709399777
2026-10-17,46686.00075744231
2026-10-18,46671.37910838684
2026-10-19,46656.82777183138
2026-10-20,46642.35456027591
2026-10-21,46627.96728622044
2026-10-22,46613.66204341497
2026-10-23,46599.43101935951
2026-10-24,46585.27421405404
2026-10-25,46571.19162749857
2026-10-26,46557.163728443105
2026-10-27,46543.20614188764
2026-10-28,46529.307149082175
2026-10-29,46515.4667500267
2026-10-30,46501.67713222124
2026-10-31,46487.95001441577
2026-11-01,46487.95001441577
2026-11-02,46486.125744079305
2026-11-03,46496.62959874284
2026-11-04,46513.574859656364
2026-11-05,46533.7349643199
2026-11-06,46555.34038148343
2026-11-07,46577.453611146964
2026-11-08,46599.6019970605
2026-11-09,46621.57850797403
2026-11-10,46643.31283138756
2026-11-11,46664.82840480109
2026-11-12,46686.16819696462
2026-11-13,46707.39861412816
2026-11-14,46728.57434379169
2026-11-15,46749.73835470522
2026-11-16,46770.92580311875
2026-11-17,46792.17184528228
2026-11-18,46813.484293695816
2026-11-19,46834.87877335935
2026-11-20,46856.35137802288
2026-11-21,46877.909920186416
2026-11-22,46899.55049359994
2026-11-23,46921.273098263475
2026-11-24,46943.06992167701
2026-11-25,46964.94877634054
2026-11-26,46986.901849754075
2026-11-27,47008.92523566761
2026-11-28,47031.030652831134
2026-11-29,47053.19856999467
2026-11-30,47075.4407059082
2026-12-01,47075.4407059082
2026-12-02,47082.869444295284
2026-12-03,47093.49349518237
2026-12-04,47105.82457731945
2026-12-05,47119.03847195653
2026-12-06,47132.67424159362
2026-12-07,47146.49751123071
2026-12-08,47160.39109336779
2026-12-09,47174.280769254874
2026-12-10,47188.17044514196
2026-12-11,47202.04840227904
2026-12-12,47215.938078166124
2026-12-13,47229.84728530321
2026-12-14,47243.78774244029
2026-12-15,47257.775074577374
2026-12-16,47271.821000464464
2026-12-17,47285.92942635155
2026-12-18,47300.10035223863
2026-12-19,47314.341590625714
2026-12-20,47328.6492352628
2026-12-21,47343.02719239988
2026-12-22,47357.467649536964
2026-12-23,47371.97451292405
2026-12-24,47386.54778256113
2026-12-25,47401.183552198214
2026-12-26,47415.8740093353
2026-12-27,47430.62696647239
2026-12-28,47445.43851735947
2026-12-29,47460.308661996554
2026-12-30,47475.22958788364
2026-12-31,47490.20910752072
2027-01-01,47490.20910752072
2027-01-02,47547.32804122136
2027-01-03,47609.786818672
2027-01-04,47675.06200237264
2027-01-05,47741.76687357328
2027-01-06,47809.13971352392
2027-01-07,47876.77427222456
2027-01-08,47944.4557059252
2027-01-09,48012.09417087584
2027-01-10,48079.654510826476
2027-01-11,48147.14063202712
2027-01-12,48214.579878227756
2027-01-13,48281.9878744284
2027-01-14,48349.391964379036
2027-01-15,48416.81949182968
2027-01-16,48484.278269280316
2027-01-17,48551.78001548095
2027-01-18,48619.332542931596
2027-01-19,48686.94366413223
2027-01-20,48754.605566582875
2027-01-21,48822.32606278351
2027-01-22,48890.101246484155
2027-01-23,48957.92330518479
2027-01-24,49025.796145135435
2027-01-25,49093.71586008607
2027-01-26,49161.682450036715
2027-01-27,49229.68810248735
2027-01-28,49297.732817437995
2027-01-29,49365.82050113863
2027-01-30,49433.943341089274
2027-01-31,49502.09743103991
2027-02-01,49502.09743103991
2027-02-02,49503.503181458254
2027-02-03,49496.709713126605
2027-02-04,49485.58811979495
2027-02-05,49472.25558896329
2027-02-06,49457.911339381644
2027-02-07,49443.18818354999
2027-02-08,49428.43377771834
2027-02-09,49413.80827813668
2027-02-10,49399.37027855503
2027-02-11,49385.11196647338
2027-02-12,49371.00599814172
2027-02-13,49357.001592310065
2027-02-14,49343.04796772842
2027-02-15,49329.10996814676
2027-02-16,49315.14853106511
2027-02-17,49301.140218983455
2027-02-18,49287.0655006518
2027-02-19,49272.90875107015
2027-02-20,49258.669970238494
2027-02-21,49244.33353315684
2027-02-22,49229.90334607519
2027-02-23,49215.36769024353
2027-02-24,49200.734378161884
2027-02-25,49185.99950358023
2027-02-26,49171.15525399857
2027-02-27,49156.20553566692
2027-02-28,49141.146442335266
2027-03-01,49141.146442335266
2027-03-02,49035.65321139855
2027-03-03,48943.67951171184
2027-03-04,48858.811280775124
2027-03-05,48777.51336233841
2027-03-06,48697.82091265169
2027-03-07,48618.655806714974
2027-03-08,48539.44773202826
2027-03-09,48459.927157341546
2027-03-10,48379.98470765483
2027-03-11,48299.62819546812
2027-03-12,48218.904495781404
2027-03-13,48137.88392109469
2027-03-14,48056.636783907976
2027-03-15,47975.21777172126
2027-03-16,47893.67375953455
2027-03-17,47812.039903597826
2027-03-18,47730.34354766111
2027-03-19,47648.5925042244
2027-03-20,47566.786773287684
2027-03-21,47484.93807360097
2027-03-22,47403.030780164256
2027-03-23,47321.07270547754
2027-03-24,47239.04822454083
2027-03-25,47156.95733735411
2027-03-26,47074.79223141739
2027-03-27,46992.54509423068
2027-03-28,46910.219832043964
2027-03-29,46827.80863235725
2027-03-30,46745.299776420536
2027-03-31,46662.70107673382
2027-04-01,46662.70107673382
2027-04-02,46541.41475994607
2027-04-03,46450.48000565831
2027-04-04,46375.36556387056
2027-04-05,46308.1065908328
2027-04-06,46244.35152404505
2027-04-07,46181.7566135073
2027-04-08,46119.13826546954
2027-04-09,46055.96913618179
2027-04-10,45992.09297564403
2027-04-11,45927.54103385628
2027-04-12,45862.43049831852
2027-04-13,45796.92152528077
2027-04-14,45731.15083349302
2027-04-15,45665.23561045526
2027-04-16,45599.27351241751
2027-04-17,45533.31922687975
2027-04-18,45467.423535092
2027-04-19,45401.60596830425
2027-04-20,45335.87433901649
2027-04-21,45270.23645972874
2027-04-22,45204.69623669098
2027-04-23,45139.24195115323
2027-04-24,45073.86969686547
2027-04-25,45008.57556757772
2027-04-26,44943.35565703997
2027-04-27,44878.20996525221
2027-04-28,44813.13067971446
2027-04-29,44748.1138941767
2027-04-30,44683.16742113895
2027-05-01,44683.16742113895
2027-05-02,44699.45535631534
2027-05-03,44740.54016649173
2027-05-04,44794.464820418114
2027-05-05,44854.686349344505
2027-05-06,44917.6578782709
2027-05-07,44981.50440719729
2027-05-08,45045.30406112368
2027-05-09,45108.66230880007
2027-05-10,45171.47758772646
2027-05-11,45233.785054152846
2027-05-12,45295.69017682924
2027-05-13,45357.31014325563
2027-05-14,45418.74651593202
2027-05-15,45480.08913860841
2027-05-16,45541.408323784795
2027-05-17,45602.73922771119
2027-05-18,45664.11700663758
2027-05-19,45725.54947306397
2027-05-20,45787.04834574036
2027-05-21,45848.61753091675
2027-05-22,45910.25702859314
2027-05-23,45971.96683876953
2027-05-24,46033.73524269592
2027-05-25,46095.57005287231
2027-05-26,46157.4673630487
2027-05-27,46219.42717322509
2027-05-28,46281.44557715148
2027-05-29,46343.52648107787
2027-05-30,46405.66988500426
2027-05-31,46467.87969518065
2027-06-01,46467.87969518065
2027-06-02,46481.36480685776
2027-06-03,46487.08429353488
2027-06-04,46488.81549896199
2027-06-05,46488.6131106391
2027-06-06,46487.617753566214
2027-06-07,46486.42317774332
2027-06-08,46485.33407067043
2027-06-09,46484.47933859755
2027-06-10,46483.89804402466
2027-06-11,46483.58628070177
2027-06-12,46483.508892378886
2027-06-13,46483.626816555996
2027-06-14,46483.904896983106
2027-06-15,46484.31188366022
2027-06-16,46484.82433908733
2027-06-17,46485.43054451445
2027-06-18,46486.11487494156
2027-06-19,46486.87733036867
2027-06-20,46487.706192045785
2027-06-21,46488.605366222895
2027-06-22,46489.574852900005
2027-06-23,46490.61855832712
2027-06-24,46491.73257625423
2027-06-25,46492.91690668134
2027-06-26,46494.17545585846
2027-06-27,46495.50822378557
2027-06-28,46496.91130421268
2027-06-29,46498.388603389794
2027-06-30,46499.940121316904
2027-07-01,46499.940121316904
2027-07-02,46451.439972341876
2027-07-03,46411.256229616854
2027-07-04,46375.435768141826
2027-07-05,46341.7989004168
2027-07-06,46309.15812644178
2027-07-07,46276.88844621675
2027-07-08,46244.66173474172
2027-07-09,46212.3451795167
2027-07-10,46179.89190554167
2027-07-11,46147.30972531664
2027-07-12,46114.64160759162
2027-07-13,46081.92270861659
2027-07-14,46049.19209089156
2027-07-15,46016.47709816654
2027-07-16,45983.808980441514
2027-07-17,45951.203362716486
2027-07-18,45918.664151241464
2027-07-19,45886.203064766436
2027-07-20,45853.82400954141
2027-07-21,45821.52307931639
2027-07-22,45789.30418034136
2027-07-23,45757.16340636633
2027-07-24,45725.10075739131
2027-07-25,45693.11232716628
2027-07-26,45661.20202194125
2027-07-27,45629.36593546623
2027-07-28,45597.5962552412
2027-07-29,45565.90079376617
2027-07-30,45534.27955104115
2027-07-31,45502.724714566124
2027-08-01,45502.724714566124
2027-08-02,45492.39848209774
2027-08-03,45498.51756212937
2027-08-04,45513.187423410986
2027-08-05,45532.0838471926
2027-08-06,45552.84745847423
2027-08-07,45574.23997600585
2027-08-08,45595.63249353747
2027-08-09,45616.76329231909
2027-08-10,45637.55815360071
2027-08-11,45658.036608632334
2027-08-12,45678.26896991395
2027-08-13,45698.33726869557
2027-08-14,45718.307911227195
2027-08-15,45738.24730375881
2027-08-16,45758.20232129043
2027-08-17,45778.19640132206
2027-08-18,45798.252981353675
2027-08-19,45818.3876863853
2027-08-20,45838.60051641692
2027-08-21,45858.891471448536
2027-08-22,45879.26836398016
2027-08-23,45899.72728776178
2027-08-24,45920.2643365434
2027-08-25,45940.87560407502
2027-08-26,45961.56499660664
2027-08-27,45982.32860788827
2027-08-28,46003.174250419885
2027-08-29,46024.0902054515
2027-08-30,46045.07647298313
2027-08-31,46066.144771764746
2027-09-01,46066.144771764746
2027-09-02,46006.968329809424
2027-09-03,45950.7020441041
2027-09-04,45895.98263339877
2027-09-05,45842.05619144345
2027-09-06,45788.51646823813
2027-09-07,45735.15252628281
2027-09-08,45681.851084327485
2027-09-09,45628.56526737216
2027-09-10,45575.275544166834
2027-09-11,45521.99753971151
2027-09-12,45468.73516025619
2027-09-13,45415.51184330087
2027-09-14,45362.32368259555
2027-09-15,45309.201928140224
2027-09-16,45256.138767434895
2027-09-17,45203.14982547957
2027-09-18,45150.23119602425
2027-09-19,45097.39459781893
2027-09-20,45044.63221836361
2027-09-21,44991.947963908286
2027-09-22,44939.33792820296
2027-09-23,44886.809923747634
2027-09-24,44834.36395054231
2027-09-25,44781.99219608699
2027-09-26,44729.69466038167
2027-09-27,44677.47524967634
2027-09-28,44625.33396397102
2027-09-29,44573.266897015696
2027-09-30,44521.277955060374
2027-10-01,44521.277955060374
2027-10-02,44466.56037725667
2027-10-03,44433.206080702956
2027-10-04,44410.91819039925
2027-10-05,44394.048268845545
2027-10-06,44379.54162854184
2027-10-07,44365.78108198813
2027-10-08,44351.98537918442
2027-10-09,44337.810770130716
2027-10-10,44323.17131732701
2027-10-11,44308.0982707733
2027-10-12,44292.68538046959
2027-10-13,44277.03030266589
2027-10-14,44261.22288111218
2027-10-15,44245.33733455847
2027-10-16,44229.432256754764
2027-10-17,44213.54280395106
2027-10-18,44197.688507397346
2027-10-19,44181.89280459364
2027-10-20,44166.151789289936
2027-10-21,44150.47327398623
2027-10-22,44134.85725868252
2027-10-23,44119.30374337881
2027-10-24,44103.80491557511
2027-10-25,44088.3685877714
2027-10-26,44072.98694746769
2027-10-27,44057.65999466398
2027-10-28,44042.38772936028
2027-10-29,44027.17405780657
2027-10-30,44012.01507375286
2027-10-31,43996.922495949155
2027-11-01,43996.922495949155
2027-11-02,43996.67458004633
2027-11-03,44008.04775789352
2027-11-04,44025.420935740694
2027-11-05,44045.72770733788
2027-11-06,44067.30401018506
2027-11-07,44089.278750532234
2027-11-08,44111.22614712942
2027-11-09,44132.962606226596
2027-11-10,44154.44906532378
2027-11-11,44175.71286817096
2027-11-12,44196.78917101814
2027-11-13,44217.73266136532
2027-11-14,44238.6019329625
2027-11-15,44259.43214205968
2027-11-16,44280.25453865686
2027-11-17,44301.080841504045
2027-11-18,44321.93448810122
2027-11-19,44342.8154784484
2027-11-20,44363.727718795584
2027-11-21,44384.67902164276
2027-11-22,44405.665480739946
2027-11-23,44426.691002337124
2027-11-24,44447.74777393431
2027-11-25,44468.843608031486
2027-11-26,44489.97069212866
2027-11-27,44511.14074497585
2027-11-28,44532.345954073025
2027-11-29,44553.58631942021
2027-11-30,44574.86965351739
2027-12-01,44574.86965351739
2027-12-02,44583.32850645704
2027-12-03,44593.95532814668
2027-12-04,44605.70324358633
2027-12-05,44618.02928402598
2027-12-06,44630.61313696562
2027-12-07,44643.30636490527
2027-12-08,44656.02693659492
2027-12-09,44668.73969578457
2027-12-10,44681.44073622421
2027-12-11,44694.13005791386
2027-12-12,44706.81937960351
2027-12-13,44719.524326293154
2027-12-14,44732.252710482804
2027-12-15,44745.008438422454
2027-12-16,44757.7993226121
2027-12-17,44770.637081801746
2027-12-18,44783.513903491395
2027-12-19,44796.437600181045
2027-12-20,44809.40817187069
2027-12-21,44822.42952481034
2027-12-22,44835.50165899999
2027-12-23,44848.62457443963
2027-12-24,44861.79827112928
2027-12-25,44875.02274906893
2027-12-26,44888.29800825858
2027-12-27,44901.62795494822
2027-12-28,44915.01649538787
2027-12-29,44928.45581707752
2027-12-30,44941.94982626716
2027-12-31,44955.50633545681
2028-01-01,44955.50633545681
2028-01-02,45015.842930226034
2028-01-03,45080.51155624526
2028-01-04,45147.437994764485
2028-01-05,45215.497245783714
2028-01-06,45284.068215552936
2028-01-07,45352.830591572165
2028-01-08,45421.63203009139
2028-01-09,45490.390499860616
2028-01-10,45559.10209462984
2028-01-11,45627.76290814907
2028-01-12,45696.40028416829
2028-01-13,45765.02984768752
2028-01-14,45833.67112995674
2028-01-15,45902.34756847597
2028-01-16,45971.06306949519
2028-01-17,46039.82544551441
2028-01-18,46108.64250903364
2028-01-19,46177.52597880286
2028-01-20,46246.46413607209
2028-01-21,46315.460887091314
2028-01-22,46384.52795061054
2028-01-23,46453.653607879765
2028-01-24,46522.841765148994
2028-01-25,46592.092422418216
2028-01-26,46661.405579687445
2028-01-27,46730.78514320667
2028-01-28,46800.2272067259
2028-01-29,46869.73958274512
2028-01-30,46939.31055251435
2028-01-31,47008.95183478357
2028-02-01,47008.95183478357
2028-02-02,47006.364219515075
2028-02-03,46994.36254174659
2028-02-04,46977.509301478094
2028-02-05,46958.2966862096
2028-02-06,46938.09188344111
2028-02-07,46917.62145567262
2028-02-08,46897.264309154125
2028-02-09,46877.17669388564
2028-02-10,46857.409391117144
2028-02-11,46837.95068209866
2028-02-12,46818.76541058016
2028-02-13,46799.80279531167
2028-02-14,46781.01986754318
2028-02-15,46762.38147102469
2028-02-16,46743.848543256194
2028-02-17,46725.40545923771
2028-02-18,46707.03659396921
2028-02-19,46688.73804120072
2028-02-20,46670.50589468223
2028-02-21,46652.33234191374
2028-02-22,46634.22128914525
2028-02-23,46616.16883012676
2028-02-24,46598.17887110826
2028-02-25,46580.243599589776
2028-02-26,46562.37864057128
2028-02-27,46544.57227530279
2028-02-28,46526.8245037843
2028-02-29,46509.14313851581
2028-03-01,46509.14313851581
2028-03-02,46406.51255933204
2028-03-03,46317.26479264827
2028-03-04,46234.9974947145
2028-03-05,46156.21457178073
2028-03-06,46079.00196134696
2028-03-07,46002.3323196632
2028-03-08,45925.693927979424
2028-03-09,45848.86022379566
2028-03-10,45771.756988361885
2028-03-11,45694.40765917812
2028-03-12,45616.863017494354
2028-03-13,45539.18556331058
2028-03-14,45461.445609126815
2028-03-15,45383.68612369304
2028-03-16,45305.950075759276
2028-03-17,45228.26480907551
2028-03-18,45150.64594864174
2028-03-19,45073.10911945797
2028-03-20,44995.6543215242
2028-03-21,44918.28155484043
2028-03-22,44840.99472565667
2028-03-23,44763.78211522289
2028-03-24,44686.65544228913
2028-03-25,44609.602988105355
2028-03-26,44532.62475267159
2028-03-27,44455.72464223782
2028-03-28,44378.89484430405
2028-03-29,44302.135358870284
2028-03-30,44225.44618593651
2028-03-31,44148.827325502745
2028-04-01,44148.827325502745
2028-04-02,44035.50995612074
2028-04-03,43949.85664923873
2028-04-04,43878.50802985672
2028-04-05,43814.15550422471
2028-04-06,43752.83032234271
2028-04-07,43692.4504529607
2028-04-08,43632.000271078694
2028-04-09,43571.04227669669
2028-04-10,43509.45928231468
2028-04-11,43447.30988168267
2028-04-12,43384.70344980066
2028-04-13,43321.761080418655
2028-04-14,43258.61167978665
2028-04-15,43195.33727915464
2028-04-16,43132.01600352263
2028-04-17,43068.68691539062
2028-04-18,43005.39298350862
2028-04-19,42942.13030162661
2028-04-20,42878.926213494604
2028-04-21,42815.7768128626
2028-04-22,42752.67819348059
2028-04-23,42689.62644909858
2028-04-24,42626.62939221657
2028-04-25,42563.683116584565
2028-04-26,42500.77590345256
2028-04-27,42437.92337782055
2028-04-28,42375.10600843854
2028-04-29,42312.34332655653
2028-04-30,42249.62361342453
2028-05-01,42186.95077529252
